latitude,longitude,Dsecond
296238487.0,-823381782.0,50450.0
296238487.0,-823381782.0,50550.0
296238487.0,-823381782.0,50650.0
296238487.0,-823381783.0,50750.0
296238488.0,-823381780.0,50800.0
296238488.0,-823381780.0,50950.0
296238488.0,-823381781.0,51050.0
296238488.0,-823381781.0,51150.0
296238488.0,-823381781.0,51200.0
296238489.0,-823381778.0,51350.0
296238489.0,-823381779.0,51450.0
296238489.0,-823381779.0,51550.0
296238489.0,-823381779.0,51600.0
296238489.0,-823381779.0,51750.0
296238491.0,-823381776.0,51850.0
296238491.0,-823381777.0,51950.0
296238491.0,-823381777.0,52050.0
296238490.0,-823381777.0,52150.0
296238490.0,-823381777.0,52250.0
296238492.0,-823381775.0,52350.0
296238492.0,-823381775.0,52450.0
296238492.0,-823381775.0,52550.0
296238491.0,-823381775.0,52650.0
296238491.0,-823381775.0,52750.0
296238493.0,-823381773.0,52850.0
296238493.0,-823381773.0,52900.0
296238493.0,-823381773.0,53050.0
296238493.0,-823381773.0,53150.0
296238493.0,-823381773.0,53250.0
296238494.0,-823381771.0,53350.0
296238494.0,-823381771.0,53450.0
296238494.0,-823381772.0,53550.0
296238494.0,-823381772.0,53600.0
296238494.0,-823381772.0,53750.0
296238494.0,-823381771.0,53850.0
296238494.0,-823381771.0,53950.0
296238494.0,-823381771.0,54050.0
296238494.0,-823381771.0,54150.0
296238495.0,-823381770.0,54300.0
296238495.0,-823381770.0,54350.0
296238495.0,-823381770.0,54450.0
296238495.0,-823381770.0,54500.0
296238496.0,-823381770.0,54650.0
296238496.0,-823381770.0,54750.0
296238496.0,-823381769.0,54850.0
296238496.0,-823381769.0,54950.0
296238496.0,-823381769.0,55050.0
296238497.0,-823381770.0,55150.0
296238497.0,-823381770.0,55250.0
296238499.0,-823381767.0,55350.0
296238499.0,-823381767.0,55450.0
296238499.0,-823381767.0,55550.0
296238499.0,-823381767.0,55650.0
296238499.0,-823381768.0,55750.0
296238501.0,-823381764.0,55850.0
296238501.0,-823381764.0,55950.0
296238501.0,-823381765.0,56050.0
296238501.0,-823381765.0,56150.0
296238502.0,-823381765.0,56250.0
296238504.0,-823381762.0,56350.0
296238504.0,-823381762.0,56450.0
296238504.0,-823381762.0,56550.0
296238504.0,-823381762.0,56700.0
296238504.0,-823381762.0,56750.0
296238504.0,-823381762.0,56800.0
296238507.0,-823381758.0,56950.0
296238507.0,-823381758.0,57050.0
296238507.0,-823381758.0,57150.0
296238510.0,-823381757.0,57300.0
296238510.0,-823381757.0,57350.0
296238510.0,-823381757.0,57400.0
296238510.0,-823381757.0,57650.0
296238511.0,-823381757.0,57750.0
296238513.0,-823381755.0,57800.0
296238514.0,-823381755.0,57950.0
296238514.0,-823381755.0,58050.0
296238515.0,-823381755.0,58150.0
296238515.0,-823381755.0,58250.0
296238517.0,-823381752.0,58350.0
296238517.0,-823381751.0,58450.0
296238518.0,-823381751.0,58550.0
296238518.0,-823381751.0,58650.0
296238518.0,-823381751.0,58700.0
296238519.0,-823381751.0,58850.0
296238519.0,-823381751.0,58950.0
296238519.0,-823381751.0,59050.0
296238519.0,-823381751.0,59150.0
296238520.0,-823381751.0,59250.0
296238523.0,-823381748.0,59350.0
296238523.0,-823381748.0,59450.0
296238523.0,-823381748.0,59550.0
296238523.0,-823381748.0,59600.0
296238523.0,-823381748.0,59750.0
296238527.0,-823381745.0,59850.0
296238527.0,-823381745.0,59950.0
296238527.0,-823381745.0,100.0
296238527.0,-823381745.0,150.0
296238527.0,-823381745.0,300.0
296238528.0,-823381743.0,350.0
296238527.0,-823381743.0,450.0
296238527.0,-823381743.0,550.0
296238527.0,-823381743.0,650.0
296238527.0,-823381744.0,700.0
296238530.0,-823381742.0,850.0
296238530.0,-823381742.0,950.0
296238530.0,-823381742.0,1050.0
296238530.0,-823381742.0,1150.0
296238530.0,-823381742.0,1250.0
296238532.0,-823381740.0,1350.0
296238532.0,-823381740.0,1450.0
296238533.0,-823381741.0,1550.0
296238533.0,-823381741.0,1650.0
296238533.0,-823381741.0,1750.0
296238538.0,-823381736.0,1850.0
296238538.0,-823381736.0,1950.0
296238538.0,-823381736.0,2050.0
296238538.0,-823381736.0,2150.0
296238538.0,-823381736.0,2250.0
296238542.0,-823381733.0,2350.0
296238542.0,-823381733.0,2450.0
296238542.0,-823381733.0,2550.0
296238542.0,-823381733.0,2600.0
296238542.0,-823381733.0,2750.0
296238546.0,-823381730.0,2850.0
296238546.0,-823381730.0,2950.0
296238546.0,-823381730.0,3050.0
296238546.0,-823381730.0,3150.0
296238546.0,-823381731.0,3300.0
296238546.0,-823381729.0,3350.0
296238546.0,-823381730.0,3450.0
296238546.0,-823381730.0,3500.0
296238546.0,-823381730.0,3600.0
296238546.0,-823381730.0,3750.0
296238548.0,-823381729.0,3850.0
296238547.0,-823381729.0,3950.0
296238547.0,-823381729.0,4050.0
296238547.0,-823381730.0,4150.0
296238547.0,-823381730.0,4250.0
296238548.0,-823381729.0,4350.0
296238548.0,-823381729.0,4400.0
296238548.0,-823381729.0,4550.0
296238548.0,-823381729.0,4650.0
296238548.0,-823381729.0,4750.0
296238548.0,-823381728.0,4850.0
296238548.0,-823381728.0,4950.0
296238548.0,-823381728.0,5000.0
296238548.0,-823381728.0,5150.0
296238548.0,-823381728.0,5250.0
296238548.0,-823381727.0,5350.0
296238548.0,-823381727.0,5450.0
296238548.0,-823381727.0,5550.0
296238548.0,-823381727.0,5650.0
296238548.0,-823381727.0,5750.0
296238548.0,-823381726.0,5800.0
296238548.0,-823381726.0,5900.0
296238548.0,-823381726.0,6050.0
296238548.0,-823381726.0,6100.0
296238548.0,-823381726.0,6250.0
296238549.0,-823381722.0,6350.0
296238549.0,-823381722.0,6450.0
296238549.0,-823381722.0,6550.0
296238550.0,-823381722.0,6650.0
296238550.0,-823381722.0,6750.0
296238550.0,-823381719.0,6850.0
296238550.0,-823381719.0,6950.0
296238550.0,-823381719.0,7050.0
296238550.0,-823381719.0,7150.0
296238550.0,-823381719.0,7250.0
296238550.0,-823381716.0,7350.0
296238550.0,-823381716.0,7450.0
296238550.0,-823381715.0,7550.0
296238550.0,-823381715.0,7650.0
296238550.0,-823381715.0,7750.0
296238550.0,-823381713.0,7850.0
296238550.0,-823381713.0,7950.0
296238551.0,-823381713.0,8050.0
296238551.0,-823381713.0,8150.0
296238552.0,-823381713.0,8250.0
296238550.0,-823381711.0,8350.0
296238550.0,-823381711.0,8450.0
296238550.0,-823381711.0,8550.0
296238550.0,-823381711.0,8700.0
296238551.0,-823381711.0,8800.0
296238550.0,-823381709.0,8850.0
296238550.0,-823381709.0,8950.0
296238551.0,-823381709.0,9050.0
296238551.0,-823381709.0,9150.0
296238551.0,-823381709.0,9250.0
296238551.0,-823381707.0,9350.0
296238551.0,-823381707.0,9450.0
296238551.0,-823381707.0,9600.0
296238551.0,-823381707.0,9650.0
296238551.0,-823381707.0,9750.0
296238551.0,-823381707.0,9800.0
296238553.0,-823381702.0,9950.0
296238553.0,-823381702.0,10050.0
296238553.0,-823381703.0,10150.0
296238553.0,-823381703.0,10250.0
296238555.0,-823381698.0,10350.0
296238555.0,-823381698.0,10450.0
296238555.0,-823381698.0,10550.0
296238556.0,-823381698.0,10650.0
296238556.0,-823381698.0,10750.0
296238554.0,-823381697.0,10850.0
296238554.0,-823381697.0,10950.0
296238554.0,-823381697.0,11050.0
296238554.0,-823381697.0,11150.0
296238555.0,-823381697.0,11250.0
296238554.0,-823381696.0,11350.0
296238554.0,-823381696.0,11500.0
296238554.0,-823381697.0,11600.0
296238554.0,-823381697.0,11700.0
296238554.0,-823381697.0,11750.0
296238553.0,-823381694.0,11900.0
296238553.0,-823381694.0,11950.0
296238552.0,-823381695.0,12050.0
296238552.0,-823381695.0,12200.0
296238552.0,-823381695.0,12250.0
296238556.0,-823381690.0,12350.0
296238556.0,-823381690.0,12450.0
296238556.0,-823381690.0,12550.0
296238556.0,-823381690.0,12600.0
296238556.0,-823381690.0,12800.0
296238557.0,-823381687.0,12850.0
296238557.0,-823381687.0,13000.0
296238557.0,-823381687.0,13050.0
296238557.0,-823381688.0,13200.0
296238557.0,-823381688.0,13250.0
296238559.0,-823381683.0,13400.0
296238559.0,-823381683.0,13500.0
296238559.0,-823381683.0,13600.0
296238559.0,-823381684.0,13700.0
296238559.0,-823381679.0,13800.0
296238559.0,-823381679.0,13850.0
296238559.0,-823381679.0,13950.0
296238559.0,-823381680.0,14050.0
296238559.0,-823381680.0,14150.0
296238559.0,-823381680.0,14300.0
296238561.0,-823381674.0,14400.0
296238561.0,-823381674.0,14500.0
296238561.0,-823381674.0,14600.0
296238561.0,-823381674.0,14700.0
296238561.0,-823381674.0,14800.0
296238560.0,-823381673.0,14900.0
296238560.0,-823381673.0,15000.0
296238560.0,-823381673.0,15100.0
296238560.0,-823381673.0,15200.0
296238560.0,-823381674.0,15300.0
296238560.0,-823381670.0,15400.0
296238560.0,-823381670.0,15500.0
296238560.0,-823381670.0,15600.0
296238560.0,-823381670.0,15700.0
296238560.0,-823381671.0,15800.0
296238559.0,-823381667.0,15900.0
296238559.0,-823381667.0,15950.0
296238559.0,-823381667.0,16050.0
296238559.0,-823381667.0,16200.0
296238559.0,-823381667.0,16250.0
296238560.0,-823381665.0,16400.0
296238560.0,-823381665.0,16450.0
296238560.0,-823381665.0,16600.0
296238560.0,-823381665.0,16700.0
296238560.0,-823381665.0,16800.0
296238560.0,-823381664.0,16900.0
296238560.0,-823381664.0,16950.0
296238560.0,-823381664.0,17050.0
296238560.0,-823381664.0,17150.0
296238560.0,-823381665.0,17300.0
296238560.0,-823381662.0,17350.0
296238560.0,-823381662.0,17450.0
296238560.0,-823381662.0,17600.0
296238561.0,-823381662.0,17700.0
296238561.0,-823381662.0,17800.0
296238562.0,-823381658.0,17900.0
296238563.0,-823381658.0,18000.0
296238563.0,-823381658.0,18100.0
296238563.0,-823381658.0,18200.0
296238563.0,-823381658.0,18300.0
296238564.0,-823381654.0,18400.0
296238564.0,-823381653.0,18500.0
296238564.0,-823381653.0,18600.0
296238565.0,-823381653.0,18700.0
296238565.0,-823381653.0,18800.0
296238566.0,-823381651.0,18900.0
296238566.0,-823381651.0,19000.0
296238567.0,-823381651.0,19100.0
296238567.0,-823381651.0,19200.0
296238567.0,-823381651.0,19300.0
296238566.0,-823381648.0,19350.0
296238566.0,-823381648.0,19450.0
296238567.0,-823381648.0,19600.0
296238567.0,-823381648.0,19650.0
296238567.0,-823381648.0,19750.0
296238563.0,-823381645.0,19850.0
296238562.0,-823381645.0,19950.0
296238562.0,-823381645.0,20050.0
296238561.0,-823381645.0,20150.0
296238565.0,-823381640.0,20300.0
296238565.0,-823381640.0,20400.0
296238565.0,-823381640.0,20500.0
296238565.0,-823381640.0,20650.0
296238565.0,-823381640.0,20750.0
296238568.0,-823381635.0,20850.0
296238568.0,-823381635.0,20950.0
296238568.0,-823381635.0,21000.0
296238568.0,-823381635.0,21150.0
296238568.0,-823381635.0,21250.0
296238568.0,-823381632.0,21350.0
296238567.0,-823381633.0,21450.0
296238567.0,-823381633.0,21500.0
296238567.0,-823381633.0,21650.0
296238567.0,-823381633.0,21750.0
296238570.0,-823381627.0,21850.0
296238570.0,-823381627.0,21900.0
296238570.0,-823381627.0,22050.0
296238570.0,-823381627.0,22150.0
296238570.0,-823381628.0,22250.0
296238569.0,-823381625.0,22350.0
296238569.0,-823381625.0,22450.0
296238569.0,-823381625.0,22550.0
296238569.0,-823381625.0,22650.0
296238569.0,-823381625.0,22750.0
296238569.0,-823381625.0,22800.0
296238570.0,-823381622.0,22950.0
296238570.0,-823381622.0,23050.0
296238571.0,-823381622.0,23250.0
296238571.0,-823381618.0,23350.0
296238571.0,-823381619.0,23450.0
296238571.0,-823381619.0,23550.0
296238571.0,-823381619.0,23650.0
296238571.0,-823381619.0,23750.0
296238571.0,-823381615.0,23850.0
296238571.0,-823381615.0,23950.0
296238571.0,-823381615.0,24050.0
296238571.0,-823381615.0,24150.0
296238571.0,-823381615.0,24250.0
296238572.0,-823381611.0,24350.0
296238572.0,-823381611.0,24450.0
296238572.0,-823381611.0,24550.0
296238572.0,-823381611.0,24650.0
296238572.0,-823381611.0,24750.0
296238572.0,-823381607.0,24850.0
296238572.0,-823381607.0,24950.0
296238572.0,-823381607.0,25050.0
296238572.0,-823381607.0,25150.0
296238572.0,-823381607.0,25250.0
296238577.0,-823381600.0,25350.0
296238577.0,-823381600.0,25450.0
296238577.0,-823381600.0,25550.0
296238577.0,-823381600.0,25650.0
296238577.0,-823381600.0,25750.0
296238577.0,-823381600.0,25800.0
296238576.0,-823381594.0,25950.0
296238576.0,-823381594.0,26050.0
296238576.0,-823381594.0,26150.0
296238576.0,-823381594.0,26250.0
296238576.0,-823381590.0,26350.0
296238576.0,-823381590.0,26450.0
296238576.0,-823381590.0,26550.0
296238576.0,-823381590.0,26650.0
296238576.0,-823381590.0,26750.0
296238574.0,-823381586.0,26850.0
296238574.0,-823381586.0,26950.0
296238574.0,-823381586.0,27050.0
296238574.0,-823381586.0,27100.0
296238574.0,-823381586.0,27250.0
296238574.0,-823381583.0,27350.0
296238574.0,-823381583.0,27450.0
296238574.0,-823381583.0,27550.0
296238575.0,-823381583.0,27650.0
296238575.0,-823381583.0,27750.0
296238573.0,-823381581.0,27850.0
296238573.0,-823381581.0,27950.0
296238573.0,-823381581.0,28050.0
296238574.0,-823381581.0,28150.0
296238574.0,-823381581.0,28250.0
296238570.0,-823381580.0,28350.0
296238570.0,-823381580.0,28450.0
296238571.0,-823381580.0,28550.0
296238571.0,-823381580.0,28650.0
296238571.0,-823381580.0,28750.0
296238568.0,-823381579.0,28850.0
296238568.0,-823381579.0,28950.0
296238568.0,-823381579.0,29050.0
296238569.0,-823381579.0,29150.0
296238569.0,-823381579.0,29250.0
296238567.0,-823381578.0,29350.0
296238567.0,-823381578.0,29450.0
296238567.0,-823381578.0,29550.0
296238567.0,-823381579.0,29700.0
296238567.0,-823381579.0,29750.0
296238564.0,-823381577.0,29850.0
296238565.0,-823381577.0,30000.0
296238565.0,-823381577.0,30050.0
296238565.0,-823381577.0,30100.0
296238565.0,-823381577.0,30300.0
296238562.0,-823381575.0,30350.0
296238562.0,-823381575.0,30400.0
296238563.0,-823381576.0,30550.0
296238563.0,-823381576.0,30650.0
296238563.0,-823381576.0,30750.0
296238560.0,-823381574.0,30850.0
296238560.0,-823381574.0,30950.0
296238559.0,-823381574.0,31050.0
296238559.0,-823381575.0,31150.0
296238559.0,-823381575.0,31250.0
296238560.0,-823381571.0,31350.0
296238560.0,-823381571.0,31450.0
296238560.0,-823381571.0,31550.0
296238560.0,-823381571.0,31650.0
296238560.0,-823381571.0,31750.0
296238558.0,-823381571.0,31850.0
296238559.0,-823381571.0,31950.0
296238559.0,-823381571.0,32050.0
296238559.0,-823381571.0,32150.0
296238559.0,-823381571.0,32250.0
296238558.0,-823381568.0,32350.0
296238558.0,-823381568.0,32450.0
296238557.0,-823381569.0,32550.0
296238557.0,-823381569.0,32650.0
296238557.0,-823381569.0,32750.0
296238556.0,-823381567.0,32850.0
296238556.0,-823381567.0,32950.0
296238556.0,-823381567.0,33050.0
296238556.0,-823381567.0,33250.0
296238555.0,-823381564.0,33300.0
296238555.0,-823381564.0,33400.0
296238555.0,-823381564.0,33500.0
296238555.0,-823381564.0,33650.0
296238555.0,-823381564.0,33750.0
296238555.0,-823381561.0,33850.0
296238555.0,-823381561.0,33900.0
296238555.0,-823381561.0,34050.0
296238555.0,-823381561.0,34150.0
296238555.0,-823381561.0,34250.0
296238555.0,-823381558.0,34350.0
296238555.0,-823381558.0,34450.0
296238555.0,-823381558.0,34550.0
296238555.0,-823381558.0,34650.0
296238555.0,-823381559.0,34750.0
296238556.0,-823381555.0,34850.0
296238556.0,-823381555.0,34950.0
296238556.0,-823381555.0,35050.0
296238556.0,-823381555.0,35150.0
296238556.0,-823381555.0,35250.0
296238557.0,-823381553.0,35350.0
296238557.0,-823381553.0,35450.0
296238557.0,-823381553.0,35500.0
296238557.0,-823381553.0,35650.0
296238557.0,-823381554.0,35750.0
296238557.0,-823381549.0,35850.0
296238557.0,-823381550.0,35950.0
296238557.0,-823381550.0,36050.0
296238557.0,-823381550.0,36100.0
296238556.0,-823381550.0,36250.0
296238559.0,-823381547.0,36350.0
296238559.0,-823381547.0,36400.0
296238559.0,-823381547.0,36500.0
296238559.0,-823381547.0,36600.0
296238559.0,-823381548.0,36750.0
296238563.0,-823381542.0,36850.0
296238564.0,-823381542.0,36950.0
296238564.0,-823381542.0,37000.0
296238564.0,-823381542.0,37150.0
296238565.0,-823381542.0,37250.0
296238564.0,-823381539.0,37350.0
296238564.0,-823381539.0,37400.0
296238565.0,-823381539.0,37550.0
296238565.0,-823381539.0,37650.0
296238565.0,-823381539.0,37750.0
296238568.0,-823381535.0,37850.0
296238568.0,-823381535.0,37950.0
296238569.0,-823381535.0,38000.0
296238569.0,-823381535.0,38150.0
296238569.0,-823381535.0,38250.0
296238571.0,-823381531.0,38350.0
296238571.0,-823381531.0,38450.0
296238571.0,-823381531.0,38500.0
296238572.0,-823381531.0,38650.0
296238572.0,-823381531.0,38750.0
296238574.0,-823381529.0,38850.0
296238574.0,-823381530.0,38950.0
296238574.0,-823381530.0,39000.0
296238575.0,-823381530.0,39100.0
296238575.0,-823381530.0,39250.0
296238572.0,-823381529.0,39350.0
296238572.0,-823381529.0,39450.0
296238572.0,-823381529.0,39550.0
296238572.0,-823381529.0,39600.0
296238572.0,-823381529.0,39750.0
296238574.0,-823381526.0,39850.0
296238574.0,-823381526.0,39950.0
296238574.0,-823381526.0,40000.0
296238575.0,-823381526.0,40250.0
296238575.0,-823381523.0,40350.0
296238575.0,-823381524.0,40450.0
296238575.0,-823381524.0,40550.0
296238575.0,-823381524.0,40600.0
296238575.0,-823381524.0,40750.0
296238577.0,-823381520.0,40850.0
296238577.0,-823381520.0,40950.0
296238577.0,-823381520.0,41050.0
296238577.0,-823381520.0,41150.0
296238577.0,-823381520.0,41250.0
296238582.0,-823381516.0,41350.0
296238582.0,-823381516.0,41450.0
296238582.0,-823381516.0,41550.0
296238583.0,-823381516.0,41650.0
296238586.0,-823381511.0,41850.0
296238586.0,-823381511.0,41900.0
296238586.0,-823381511.0,42000.0
296238586.0,-823381511.0,42150.0
296238586.0,-823381511.0,42200.0
296238588.0,-823381507.0,42350.0
296238588.0,-823381507.0,42450.0
296238588.0,-823381507.0,42550.0
296238588.0,-823381507.0,42650.0
296238588.0,-823381507.0,42700.0
296238591.0,-823381504.0,42850.0
296238591.0,-823381504.0,42950.0
296238591.0,-823381504.0,43050.0
296238592.0,-823381504.0,43150.0
296238592.0,-823381504.0,43250.0
296238596.0,-823381499.0,43350.0
296238596.0,-823381499.0,43450.0
296238596.0,-823381499.0,43550.0
296238597.0,-823381499.0,43650.0
296238597.0,-823381499.0,43750.0
296238599.0,-823381496.0,43850.0
296238599.0,-823381496.0,43950.0
296238599.0,-823381496.0,44050.0
296238599.0,-823381496.0,44150.0
296238599.0,-823381496.0,44250.0
296238605.0,-823381491.0,44350.0
296238605.0,-823381491.0,44450.0
296238605.0,-823381491.0,44550.0
296238605.0,-823381491.0,44650.0
296238605.0,-823381491.0,44750.0
296238610.0,-823381486.0,44850.0
296238610.0,-823381487.0,44950.0
296238611.0,-823381487.0,45050.0
296238611.0,-823381487.0,45150.0
296238611.0,-823381487.0,45250.0
296238615.0,-823381482.0,45350.0
296238615.0,-823381482.0,45450.0
296238615.0,-823381482.0,45550.0
296238615.0,-823381482.0,45600.0
296238615.0,-823381482.0,45700.0
296238619.0,-823381479.0,45950.0
296238619.0,-823381479.0,46050.0
296238619.0,-823381479.0,46150.0
296238619.0,-823381479.0,46250.0
296238621.0,-823381476.0,46350.0
296238621.0,-823381476.0,46450.0
296238621.0,-823381477.0,46550.0
296238621.0,-823381477.0,46650.0
296238621.0,-823381477.0,46750.0
296238624.0,-823381473.0,46850.0
296238624.0,-823381473.0,46900.0
296238624.0,-823381473.0,47050.0
296238624.0,-823381473.0,47150.0
296238624.0,-823381473.0,47250.0
296238628.0,-823381470.0,47350.0
296238629.0,-823381470.0,47450.0
296238629.0,-823381470.0,47550.0
296238629.0,-823381470.0,47650.0
296238630.0,-823381470.0,47750.0
296238633.0,-823381468.0,47850.0
296238634.0,-823381468.0,47950.0
296238634.0,-823381467.0,48050.0
296238634.0,-823381467.0,48150.0
296238635.0,-823381467.0,48300.0
296238636.0,-823381465.0,48400.0
296238637.0,-823381465.0,48550.0
296238637.0,-823381465.0,48650.0
296238637.0,-823381465.0,48750.0
296238637.0,-823381464.0,48850.0
296238637.0,-823381464.0,48900.0
296238637.0,-823381464.0,49000.0
296238637.0,-823381464.0,49150.0
296238637.0,-823381464.0,49250.0
296238639.0,-823381462.0,49350.0
296238639.0,-823381462.0,49450.0
296238639.0,-823381462.0,49550.0
296238639.0,-823381462.0,49600.0
296238640.0,-823381462.0,49750.0
296238640.0,-823381462.0,49850.0
296238640.0,-823381462.0,49950.0
296238640.0,-823381462.0,50000.0
296238640.0,-823381462.0,50150.0
296238640.0,-823381463.0,50250.0
296238639.0,-823381463.0,50350.0
296238639.0,-823381463.0,50450.0
296238639.0,-823381463.0,50550.0
296238639.0,-823381463.0,50650.0
296238639.0,-823381464.0,50750.0
296238640.0,-823381463.0,50850.0
296238640.0,-823381463.0,50950.0
296238640.0,-823381463.0,51050.0
296238640.0,-823381463.0,51150.0
296238640.0,-823381463.0,51250.0
296238641.0,-823381463.0,51350.0
296238641.0,-823381463.0,51400.0
296238641.0,-823381464.0,51550.0
296238641.0,-823381464.0,51650.0
296238641.0,-823381464.0,51750.0
296238641.0,-823381464.0,51850.0
296238641.0,-823381464.0,52000.0
296238641.0,-823381464.0,52100.0
296238641.0,-823381464.0,52250.0
296238645.0,-823381463.0,52350.0
296238644.0,-823381463.0,52450.0
296238644.0,-823381463.0,52550.0
296238644.0,-823381463.0,52650.0
296238644.0,-823381463.0,52750.0
296238648.0,-823381462.0,52950.0
296238648.0,-823381462.0,53050.0
296238648.0,-823381462.0,53150.0
296238648.0,-823381462.0,53250.0
296238650.0,-823381462.0,53350.0
296238649.0,-823381463.0,53450.0
296238649.0,-823381463.0,53500.0
296238649.0,-823381463.0,53650.0
296238649.0,-823381463.0,53750.0
296238655.0,-823381462.0,53850.0
296238655.0,-823381462.0,53900.0
296238655.0,-823381462.0,54050.0
296238656.0,-823381462.0,54100.0
296238656.0,-823381463.0,54250.0
296238656.0,-823381464.0,54350.0
296238656.0,-823381464.0,54450.0
296238656.0,-823381464.0,54500.0
296238656.0,-823381465.0,54650.0
296238655.0,-823381465.0,54700.0
296238658.0,-823381465.0,54850.0
296238657.0,-823381465.0,54950.0
296238657.0,-823381465.0,55050.0
296238657.0,-823381465.0,55150.0
296238657.0,-823381465.0,55250.0
296238659.0,-823381466.0,55350.0
296238659.0,-823381466.0,55450.0
296238659.0,-823381466.0,55550.0
296238659.0,-823381466.0,55650.0
296238659.0,-823381467.0,55750.0
296238661.0,-823381467.0,55850.0
296238661.0,-823381468.0,55950.0
296238661.0,-823381468.0,56000.0
296238661.0,-823381468.0,56150.0
296238664.0,-823381468.0,56350.0
296238664.0,-823381468.0,56450.0
296238664.0,-823381468.0,56550.0
296238664.0,-823381468.0,56650.0
296238664.0,-823381468.0,56750.0
296238665.0,-823381468.0,56850.0
296238665.0,-823381468.0,56950.0
296238665.0,-823381468.0,57050.0
296238666.0,-823381468.0,57150.0
296238666.0,-823381468.0,57250.0
296238667.0,-823381468.0,57350.0
296238667.0,-823381468.0,57450.0
296238667.0,-823381468.0,57550.0
296238667.0,-823381468.0,57600.0
296238667.0,-823381468.0,57700.0
296238668.0,-823381468.0,57850.0
296238668.0,-823381468.0,57950.0
296238668.0,-823381468.0,58050.0
296238668.0,-823381468.0,58150.0
296238668.0,-823381468.0,58250.0
296238671.0,-823381468.0,58350.0
296238671.0,-823381468.0,58450.0
296238671.0,-823381468.0,58550.0
296238671.0,-823381468.0,58650.0
296238671.0,-823381468.0,58750.0
296238673.0,-823381468.0,58850.0
296238673.0,-823381468.0,58950.0
296238673.0,-823381468.0,59050.0
296238673.0,-823381468.0,59150.0
296238673.0,-823381468.0,59250.0
296238676.0,-823381469.0,59350.0
296238676.0,-823381469.0,59450.0
296238676.0,-823381469.0,59550.0
296238677.0,-823381469.0,59650.0
296238677.0,-823381469.0,59750.0
296238678.0,-823381469.0,59850.0
296238678.0,-823381469.0,59900.0
296238678.0,-823381470.0,50.0
296238678.0,-823381470.0,100.0
296238678.0,-823381470.0,250.0
296238681.0,-823381469.0,350.0
296238681.0,-823381469.0,400.0
296238681.0,-823381469.0,500.0
296238681.0,-823381469.0,600.0
296238681.0,-823381469.0,750.0
296238683.0,-823381469.0,850.0
296238684.0,-823381469.0,950.0
296238684.0,-823381469.0,1050.0
296238684.0,-823381469.0,1150.0
296238684.0,-823381469.0,1200.0
296238686.0,-823381469.0,1350.0
296238686.0,-823381469.0,1450.0
296238686.0,-823381469.0,1550.0
296238687.0,-823381469.0,1650.0
296238687.0,-823381469.0,1750.0
296238689.0,-823381469.0,1850.0
296238688.0,-823381470.0,2050.0
296238688.0,-823381470.0,2050.0
296238688.0,-823381470.0,2250.0
296238692.0,-823381469.0,2350.0
296238693.0,-823381469.0,2450.0
296238693.0,-823381469.0,2550.0
296238693.0,-823381469.0,2600.0
296238693.0,-823381469.0,2750.0
296238693.0,-823381469.0,2800.0
296238696.0,-823381469.0,2900.0
296238697.0,-823381470.0,3050.0
296238697.0,-823381470.0,3100.0
296238697.0,-823381470.0,3250.0
296238699.0,-823381468.0,3400.0
296238699.0,-823381468.0,3500.0
296238699.0,-823381468.0,3650.0
296238699.0,-823381468.0,3750.0
296238702.0,-823381468.0,3850.0
296238702.0,-823381468.0,3950.0
296238702.0,-823381469.0,4000.0
296238702.0,-823381469.0,4150.0
296238702.0,-823381469.0,4250.0
296238705.0,-823381469.0,4350.0
296238705.0,-823381469.0,4450.0
296238705.0,-823381469.0,4550.0
296238705.0,-823381469.0,4650.0
296238705.0,-823381469.0,4750.0
296238705.0,-823381469.0,4800.0
296238707.0,-823381469.0,4950.0
296238707.0,-823381469.0,5050.0
296238707.0,-823381469.0,5150.0
296238708.0,-823381469.0,5250.0
296238708.0,-823381469.0,5350.0
296238708.0,-823381469.0,5450.0
296238708.0,-823381469.0,5500.0
296238708.0,-823381470.0,5650.0
296238708.0,-823381470.0,5750.0
296238711.0,-823381469.0,5850.0
296238711.0,-823381469.0,5900.0
296238711.0,-823381469.0,6050.0
296238711.0,-823381469.0,6150.0
296238711.0,-823381469.0,6200.0
296238715.0,-823381468.0,6350.0
296238715.0,-823381468.0,6450.0
296238715.0,-823381468.0,6650.0
296238715.0,-823381469.0,6750.0
296238717.0,-823381468.0,6850.0
296238717.0,-823381468.0,6900.0
296238717.0,-823381468.0,7000.0
296238717.0,-823381468.0,7150.0
296238717.0,-823381468.0,7250.0
296238721.0,-823381467.0,7350.0
296238721.0,-823381467.0,7450.0
296238721.0,-823381467.0,7650.0
296238721.0,-823381467.0,7750.0
296238724.0,-823381467.0,7850.0
296238725.0,-823381467.0,7950.0
296238725.0,-823381467.0,8050.0
296238725.0,-823381467.0,8100.0
296238725.0,-823381467.0,8250.0
296238730.0,-823381466.0,8300.0
296238731.0,-823381466.0,8450.0
296238731.0,-823381466.0,8550.0
296238732.0,-823381466.0,8650.0
296238732.0,-823381466.0,8750.0
296238734.0,-823381467.0,8850.0
296238735.0,-823381467.0,8950.0
296238735.0,-823381467.0,9000.0
296238741.0,-823381464.0,9150.0
296238741.0,-823381464.0,9250.0
296238741.0,-823381464.0,9300.0
296238742.0,-823381464.0,9450.0
296238742.0,-823381463.0,9500.0
296238743.0,-823381463.0,9650.0
296238743.0,-823381463.0,9750.0
296238744.0,-823381463.0,9800.0
296238745.0,-823381463.0,9900.0
296238746.0,-823381463.0,10050.0
296238746.0,-823381463.0,10100.0
296238746.0,-823381463.0,10250.0
296238750.0,-823381461.0,10350.0
296238750.0,-823381461.0,10450.0
296238751.0,-823381461.0,10550.0
296238751.0,-823381461.0,10650.0
296238751.0,-823381461.0,10750.0
296238756.0,-823381456.0,10850.0
296238756.0,-823381456.0,10950.0
296238756.0,-823381456.0,11050.0
296238756.0,-823381455.0,11150.0
296238756.0,-823381455.0,11250.0
296238759.0,-823381456.0,11350.0
296238759.0,-823381457.0,11450.0
296238759.0,-823381457.0,11550.0
296238759.0,-823381457.0,11650.0
296238759.0,-823381457.0,11750.0
296238763.0,-823381455.0,11800.0
296238763.0,-823381455.0,11950.0
296238763.0,-823381455.0,12050.0
296238763.0,-823381455.0,12150.0
296238763.0,-823381455.0,12250.0
296238768.0,-823381454.0,12350.0
296238768.0,-823381454.0,12450.0
296238768.0,-823381454.0,12550.0
296238768.0,-823381454.0,12600.0
296238768.0,-823381454.0,12750.0
296238770.0,-823381454.0,12850.0
296238770.0,-823381454.0,12950.0
296238770.0,-823381454.0,13000.0
296238770.0,-823381455.0,13100.0
296238770.0,-823381455.0,13250.0
296238775.0,-823381453.0,13350.0
296238775.0,-823381454.0,13450.0
296238776.0,-823381454.0,13550.0
296238776.0,-823381454.0,13650.0
296238776.0,-823381454.0,13750.0
296238779.0,-823381453.0,13850.0
296238779.0,-823381454.0,13950.0
296238779.0,-823381454.0,14050.0
296238779.0,-823381454.0,14150.0
296238778.0,-823381454.0,14250.0
296238783.0,-823381453.0,14350.0
296238783.0,-823381453.0,14450.0
296238783.0,-823381453.0,14550.0
296238783.0,-823381453.0,14650.0
296238783.0,-823381453.0,14750.0
296238788.0,-823381454.0,14800.0
296238788.0,-823381454.0,14950.0
296238788.0,-823381454.0,15050.0
296238788.0,-823381455.0,15150.0
296238788.0,-823381455.0,15250.0
296238794.0,-823381453.0,15350.0
296238794.0,-823381453.0,15450.0
296238794.0,-823381453.0,15550.0
296238794.0,-823381454.0,15650.0
296238794.0,-823381454.0,15750.0
296238800.0,-823381453.0,15850.0
296238800.0,-823381453.0,15950.0
296238800.0,-823381453.0,16050.0
296238800.0,-823381453.0,16150.0
296238800.0,-823381453.0,16250.0
296238805.0,-823381452.0,16350.0
296238805.0,-823381452.0,16450.0
296238805.0,-823381452.0,16550.0
296238805.0,-823381452.0,16650.0
296238805.0,-823381452.0,16750.0
296238810.0,-823381452.0,16850.0
296238810.0,-823381452.0,16950.0
296238810.0,-823381452.0,17050.0
296238810.0,-823381452.0,17150.0
296238813.0,-823381451.0,17300.0
296238813.0,-823381451.0,17350.0
296238813.0,-823381452.0,17450.0
296238813.0,-823381452.0,17550.0
296238813.0,-823381452.0,17650.0
296238813.0,-823381452.0,17750.0
296238818.0,-823381451.0,17850.0
296238818.0,-823381451.0,17950.0
296238818.0,-823381451.0,18100.0
296238818.0,-823381451.0,18200.0
296238818.0,-823381451.0,18250.0
296238822.0,-823381451.0,18400.0
296238822.0,-823381451.0,18450.0
296238822.0,-823381451.0,18600.0
296238822.0,-823381451.0,18700.0
296238827.0,-823381450.0,18800.0
296238828.0,-823381451.0,18850.0
296238828.0,-823381451.0,18950.0
296238828.0,-823381451.0,19050.0
296238828.0,-823381451.0,19200.0
296238832.0,-823381451.0,19300.0
296238832.0,-823381451.0,19350.0
296238832.0,-823381451.0,19400.0
296238832.0,-823381452.0,19550.0
296238832.0,-823381452.0,19650.0
296238835.0,-823381452.0,19850.0
296238834.0,-823381452.0,19950.0
296238834.0,-823381452.0,20050.0
296238834.0,-823381452.0,20150.0
296238834.0,-823381452.0,20200.0
296238838.0,-823381453.0,20350.0
296238838.0,-823381453.0,20450.0
296238838.0,-823381453.0,20550.0
296238838.0,-823381453.0,20650.0
296238838.0,-823381453.0,20750.0
296238841.0,-823381453.0,20850.0
296238840.0,-823381453.0,20950.0
296238840.0,-823381453.0,21050.0
296238840.0,-823381454.0,21150.0
296238840.0,-823381454.0,21250.0
296238842.0,-823381453.0,21350.0
296238842.0,-823381453.0,21450.0
296238841.0,-823381453.0,21500.0
296238841.0,-823381453.0,21650.0
296238840.0,-823381453.0,21750.0
296238845.0,-823381454.0,21850.0
296238845.0,-823381454.0,21900.0
296238845.0,-823381454.0,22000.0
296238845.0,-823381454.0,22100.0
296238845.0,-823381454.0,22250.0
296238845.0,-823381457.0,22350.0
296238845.0,-823381457.0,22400.0
296238845.0,-823381457.0,22550.0
296238844.0,-823381457.0,22650.0
296238844.0,-823381458.0,22750.0
296238844.0,-823381461.0,22850.0
296238844.0,-823381461.0,22950.0
296238844.0,-823381461.0,23050.0
296238844.0,-823381461.0,23150.0
296238845.0,-823381464.0,23350.0
296238845.0,-823381464.0,23450.0
296238845.0,-823381464.0,23550.0
296238845.0,-823381464.0,23650.0
296238845.0,-823381464.0,23750.0
296238845.0,-823381465.0,23850.0
296238845.0,-823381465.0,23900.0
296238845.0,-823381466.0,24050.0
296238845.0,-823381466.0,24100.0
296238846.0,-823381466.0,24250.0
296238843.0,-823381469.0,24350.0
296238843.0,-823381469.0,24450.0
296238843.0,-823381469.0,24550.0
296238843.0,-823381470.0,24650.0
296238843.0,-823381470.0,24750.0
296238843.0,-823381471.0,24850.0
296238843.0,-823381471.0,24900.0
296238843.0,-823381471.0,25050.0
296238843.0,-823381471.0,25150.0
296238843.0,-823381471.0,25250.0
296238845.0,-823381473.0,25350.0
296238845.0,-823381473.0,25400.0
296238845.0,-823381473.0,25550.0
296238845.0,-823381473.0,25650.0
296238845.0,-823381473.0,25750.0
296238844.0,-823381474.0,25850.0
296238844.0,-823381474.0,25950.0
296238844.0,-823381474.0,26050.0
296238844.0,-823381474.0,26150.0
296238845.0,-823381474.0,26250.0
296238843.0,-823381476.0,26350.0
296238843.0,-823381476.0,26450.0
296238843.0,-823381476.0,26550.0
296238843.0,-823381476.0,26650.0
296238843.0,-823381476.0,26750.0
296238840.0,-823381479.0,26850.0
296238840.0,-823381479.0,26950.0
296238840.0,-823381479.0,27050.0
296238840.0,-823381479.0,27150.0
296238840.0,-823381479.0,27250.0
296238840.0,-823381479.0,27350.0
296238840.0,-823381479.0,27450.0
296238840.0,-823381479.0,27500.0
296238840.0,-823381479.0,27650.0
296238840.0,-823381479.0,27750.0
296238839.0,-823381480.0,27850.0
296238839.0,-823381480.0,27950.0
296238839.0,-823381481.0,28050.0
296238839.0,-823381481.0,28150.0
296238839.0,-823381481.0,28300.0
296238838.0,-823381481.0,28350.0
296238838.0,-823381481.0,28450.0
296238838.0,-823381481.0,28600.0
296238838.0,-823381481.0,28750.0
296238836.0,-823381481.0,28850.0
296238836.0,-823381481.0,28950.0
296238837.0,-823381481.0,29150.0
296238837.0,-823381481.0,29250.0
296238836.0,-823381481.0,29350.0
296238836.0,-823381481.0,29450.0
296238836.0,-823381481.0,29550.0
296238837.0,-823381481.0,29650.0
296238837.0,-823381481.0,29750.0
296238835.0,-823381480.0,29850.0
296238835.0,-823381480.0,29950.0
296238835.0,-823381480.0,30050.0
296238835.0,-823381481.0,30150.0
296238836.0,-823381481.0,30250.0
296238834.0,-823381480.0,30350.0
296238834.0,-823381480.0,30450.0
296238834.0,-823381480.0,30550.0
296238834.0,-823381480.0,30650.0
296238834.0,-823381480.0,30750.0
296238834.0,-823381479.0,30850.0
296238834.0,-823381479.0,30950.0
296238834.0,-823381479.0,31050.0
296238834.0,-823381479.0,31150.0
296238835.0,-823381479.0,31250.0
296238832.0,-823381477.0,31350.0
296238832.0,-823381477.0,31400.0
296238833.0,-823381477.0,31500.0
296238833.0,-823381477.0,31650.0
296238833.0,-823381477.0,31750.0
296238831.0,-823381477.0,31850.0
296238831.0,-823381477.0,31950.0
296238831.0,-823381477.0,32050.0
296238831.0,-823381477.0,32150.0
296238831.0,-823381477.0,32250.0
296238829.0,-823381477.0,32350.0
296238829.0,-823381477.0,32450.0
296238829.0,-823381478.0,32550.0
296238828.0,-823381478.0,32650.0
296238828.0,-823381478.0,32750.0
296238830.0,-823381477.0,32850.0
296238830.0,-823381477.0,32950.0
296238830.0,-823381477.0,33050.0
296238830.0,-823381478.0,33150.0
296238830.0,-823381478.0,33250.0
296238831.0,-823381476.0,33350.0
296238831.0,-823381476.0,33450.0
296238831.0,-823381477.0,33550.0
296238831.0,-823381477.0,33650.0
296238831.0,-823381477.0,33750.0
296238832.0,-823381475.0,33850.0
296238832.0,-823381475.0,33950.0
296238832.0,-823381475.0,34000.0
296238832.0,-823381475.0,34150.0
296238832.0,-823381475.0,34200.0
296238834.0,-823381474.0,34350.0
296238834.0,-823381474.0,34400.0
296238835.0,-823381474.0,34550.0
296238835.0,-823381474.0,34650.0
296238835.0,-823381474.0,34750.0
296238833.0,-823381474.0,34850.0
296238833.0,-823381475.0,34900.0
296238832.0,-823381475.0,35150.0
296238832.0,-823381475.0,35250.0
296238833.0,-823381474.0,35350.0
296238833.0,-823381475.0,35450.0
296238833.0,-823381475.0,35550.0
296238833.0,-823381475.0,35650.0
296238833.0,-823381475.0,35750.0
296238833.0,-823381474.0,35850.0
296238834.0,-823381474.0,35950.0
296238834.0,-823381474.0,36050.0
296238834.0,-823381475.0,36150.0
296238834.0,-823381475.0,36250.0
296238834.0,-823381474.0,36350.0
296238834.0,-823381474.0,36450.0
296238834.0,-823381474.0,36550.0
296238834.0,-823381474.0,36650.0
296238834.0,-823381474.0,36750.0
296238834.0,-823381474.0,36850.0
296238834.0,-823381474.0,36950.0
296238834.0,-823381474.0,37050.0
296238834.0,-823381474.0,37150.0
296238834.0,-823381474.0,37250.0
296238835.0,-823381475.0,37350.0
296238835.0,-823381475.0,37450.0
296238835.0,-823381475.0,37500.0
296238835.0,-823381475.0,37650.0
296238836.0,-823381475.0,37750.0
296238833.0,-823381477.0,37800.0
296238833.0,-823381477.0,37900.0
296238833.0,-823381478.0,38050.0
296238833.0,-823381478.0,38150.0
296238833.0,-823381478.0,38250.0
296238834.0,-823381479.0,38350.0
296238834.0,-823381479.0,38450.0
296238835.0,-823381479.0,38550.0
296238835.0,-823381479.0,38650.0
296238835.0,-823381479.0,38750.0
296238833.0,-823381481.0,38850.0
296238834.0,-823381481.0,38950.0
296238834.0,-823381481.0,39050.0
296238834.0,-823381481.0,39150.0
296238834.0,-823381481.0,39250.0
296238831.0,-823381484.0,39350.0
296238831.0,-823381484.0,39450.0
296238831.0,-823381484.0,39550.0
296238831.0,-823381484.0,39650.0
296238831.0,-823381484.0,39750.0
296238829.0,-823381486.0,39850.0
296238829.0,-823381486.0,39900.0
296238829.0,-823381487.0,40050.0
296238829.0,-823381487.0,40150.0
296238829.0,-823381487.0,40250.0
296238828.0,-823381489.0,40350.0
296238828.0,-823381489.0,40450.0
296238828.0,-823381489.0,40500.0
296238828.0,-823381489.0,40600.0
296238828.0,-823381489.0,40750.0
296238829.0,-823381490.0,40800.0
296238829.0,-823381490.0,40950.0
296238829.0,-823381490.0,41000.0
296238829.0,-823381491.0,41150.0
296238829.0,-823381491.0,41250.0
296238829.0,-823381492.0,41350.0
296238829.0,-823381492.0,41450.0
296238829.0,-823381492.0,41550.0
296238829.0,-823381493.0,41650.0
296238829.0,-823381493.0,41750.0
296238828.0,-823381495.0,41850.0
296238828.0,-823381495.0,41950.0
296238827.0,-823381495.0,42000.0
296238827.0,-823381495.0,42150.0
296238828.0,-823381496.0,42300.0
296238828.0,-823381496.0,42400.0
296238828.0,-823381497.0,42550.0
296238828.0,-823381497.0,42650.0
296238828.0,-823381497.0,42750.0
296238828.0,-823381497.0,42800.0
296238828.0,-823381497.0,42950.0
296238828.0,-823381497.0,43050.0
296238828.0,-823381497.0,43150.0
296238828.0,-823381497.0,43250.0
296238828.0,-823381499.0,43350.0
296238828.0,-823381499.0,43450.0
296238828.0,-823381499.0,43500.0
296238828.0,-823381499.0,43650.0
296238828.0,-823381499.0,43750.0
296238829.0,-823381500.0,43850.0
296238829.0,-823381500.0,43900.0
296238829.0,-823381500.0,44050.0
296238829.0,-823381500.0,44150.0
296238829.0,-823381500.0,44250.0
296238830.0,-823381501.0,44350.0
296238830.0,-823381502.0,44450.0
296238830.0,-823381502.0,44550.0
296238829.0,-823381502.0,44650.0
296238829.0,-823381502.0,44750.0
296238830.0,-823381503.0,44850.0
296238830.0,-823381503.0,44950.0
296238830.0,-823381503.0,45050.0
296238830.0,-823381504.0,45150.0
296238830.0,-823381504.0,45250.0
296238831.0,-823381505.0,45350.0
296238831.0,-823381505.0,45450.0
296238830.0,-823381506.0,45550.0
296238830.0,-823381506.0,45650.0
296238830.0,-823381506.0,45750.0
296238832.0,-823381505.0,45850.0
296238831.0,-823381506.0,45950.0
296238831.0,-823381506.0,46050.0
296238831.0,-823381506.0,46150.0
296238831.0,-823381506.0,46250.0
296238836.0,-823381506.0,46350.0
296238836.0,-823381506.0,46400.0
296238836.0,-823381506.0,46500.0
296238837.0,-823381506.0,46650.0
296238837.0,-823381506.0,46750.0
296238839.0,-823381506.0,46850.0
296238840.0,-823381506.0,46950.0
296238840.0,-823381506.0,47050.0
296238840.0,-823381506.0,47150.0
296238840.0,-823381506.0,47250.0
296238842.0,-823381507.0,47350.0
296238843.0,-823381507.0,47450.0
296238843.0,-823381507.0,47550.0
296238843.0,-823381507.0,47650.0
296238843.0,-823381507.0,47750.0
296238844.0,-823381508.0,47850.0
296238844.0,-823381508.0,47950.0
296238844.0,-823381508.0,48050.0
296238845.0,-823381508.0,48150.0
296238845.0,-823381508.0,48250.0
296238844.0,-823381511.0,48400.0
296238844.0,-823381511.0,48450.0
296238844.0,-823381511.0,48550.0
296238844.0,-823381512.0,48700.0
296238844.0,-823381512.0,48750.0
296238845.0,-823381514.0,48850.0
296238845.0,-823381515.0,48950.0
296238845.0,-823381515.0,49050.0
296238845.0,-823381515.0,49150.0
296238846.0,-823381515.0,49250.0
296238847.0,-823381517.0,49350.0
296238847.0,-823381517.0,49450.0
296238847.0,-823381517.0,49550.0
296238847.0,-823381517.0,49700.0
296238847.0,-823381517.0,49750.0
296238850.0,-823381519.0,49850.0
296238850.0,-823381519.0,49950.0
296238850.0,-823381519.0,50050.0
296238851.0,-823381519.0,50200.0
296238851.0,-823381519.0,50250.0
296238851.0,-823381520.0,50350.0
296238851.0,-823381520.0,50450.0
296238851.0,-823381520.0,50550.0
296238851.0,-823381520.0,50650.0
296238851.0,-823381520.0,50750.0
296238854.0,-823381522.0,50950.0
296238854.0,-823381522.0,51000.0
296238855.0,-823381522.0,51150.0
296238855.0,-823381522.0,51250.0
296238856.0,-823381524.0,51300.0
296238856.0,-823381525.0,51450.0
296238856.0,-823381525.0,51500.0
296238856.0,-823381525.0,51650.0
296238856.0,-823381525.0,51700.0
296238856.0,-823381528.0,51850.0
296238856.0,-823381528.0,51950.0
296238856.0,-823381528.0,52050.0
296238856.0,-823381528.0,52150.0
296238856.0,-823381528.0,52200.0
296238856.0,-823381528.0,52300.0
296238858.0,-823381530.0,52450.0
296238858.0,-823381530.0,52500.0
296238858.0,-823381530.0,52650.0
296238858.0,-823381530.0,52750.0
296238859.0,-823381532.0,52850.0
296238859.0,-823381532.0,52900.0
296238859.0,-823381533.0,53050.0
296238859.0,-823381533.0,53150.0
296238859.0,-823381533.0,53250.0
296238860.0,-823381534.0,53350.0
296238860.0,-823381534.0,53450.0
296238860.0,-823381535.0,53550.0
296238860.0,-823381535.0,53650.0
296238859.0,-823381535.0,53750.0
296238862.0,-823381537.0,53850.0
296238862.0,-823381537.0,53950.0
296238862.0,-823381538.0,54050.0
296238862.0,-823381538.0,54150.0
296238862.0,-823381539.0,54250.0
296238865.0,-823381538.0,54350.0
296238865.0,-823381539.0,54450.0
296238864.0,-823381539.0,54550.0
296238864.0,-823381539.0,54750.0
296238867.0,-823381540.0,54850.0
296238867.0,-823381540.0,54950.0
296238867.0,-823381540.0,55000.0
296238867.0,-823381540.0,55150.0
296238867.0,-823381540.0,55200.0
296238869.0,-823381542.0,55350.0
296238869.0,-823381542.0,55450.0
296238869.0,-823381543.0,55550.0
296238869.0,-823381543.0,55650.0
296238868.0,-823381543.0,55750.0
296238871.0,-823381544.0,55850.0
296238871.0,-823381544.0,55950.0
296238871.0,-823381544.0,56000.0
296238871.0,-823381544.0,56150.0
296238871.0,-823381545.0,56250.0
296238873.0,-823381545.0,56350.0
296238873.0,-823381545.0,56450.0
296238873.0,-823381545.0,56550.0
296238873.0,-823381545.0,56650.0
296238876.0,-823381545.0,56850.0
296238876.0,-823381545.0,56950.0
296238876.0,-823381545.0,57000.0
296238876.0,-823381545.0,57150.0
296238876.0,-823381545.0,57250.0
296238878.0,-823381545.0,57350.0
296238878.0,-823381545.0,57450.0
296238878.0,-823381545.0,57550.0
296238878.0,-823381545.0,57650.0
296238878.0,-823381545.0,57750.0
296238880.0,-823381546.0,57850.0
296238880.0,-823381546.0,57950.0
296238880.0,-823381546.0,58050.0
296238880.0,-823381546.0,58150.0
296238880.0,-823381546.0,58250.0
296238882.0,-823381545.0,58350.0
296238883.0,-823381545.0,58500.0
296238883.0,-823381545.0,58650.0
296238883.0,-823381544.0,58750.0
296238886.0,-823381544.0,58850.0
296238886.0,-823381544.0,58900.0
296238887.0,-823381544.0,59050.0
296238887.0,-823381544.0,59150.0
296238888.0,-823381544.0,59250.0
296238888.0,-823381544.0,59350.0
296238889.0,-823381544.0,59450.0
296238889.0,-823381543.0,59550.0
296238889.0,-823381543.0,59650.0
296238889.0,-823381543.0,59750.0
296238890.0,-823381543.0,59800.0
296238893.0,-823381544.0,59950.0
296238893.0,-823381544.0,50.0
296238893.0,-823381544.0,150.0
296238893.0,-823381544.0,250.0
296238894.0,-823381545.0,350.0
296238894.0,-823381545.0,450.0
296238894.0,-823381546.0,550.0
296238894.0,-823381546.0,650.0
296238895.0,-823381547.0,850.0
296238895.0,-823381548.0,950.0
296238895.0,-823381548.0,1050.0
296238895.0,-823381548.0,1150.0
296238895.0,-823381548.0,1250.0
296238895.0,-823381548.0,1300.0
296238896.0,-823381549.0,1400.0
296238896.0,-823381549.0,1550.0
296238896.0,-823381549.0,1650.0
296238896.0,-823381549.0,1750.0
296238898.0,-823381551.0,1850.0
296238899.0,-823381551.0,1950.0
296238899.0,-823381551.0,2050.0
296238899.0,-823381551.0,2150.0
296238899.0,-823381551.0,2250.0
296238900.0,-823381553.0,2350.0
296238899.0,-823381553.0,2450.0
296238899.0,-823381553.0,2550.0
296238899.0,-823381553.0,2650.0
296238899.0,-823381553.0,2750.0
296238899.0,-823381556.0,2850.0
296238898.0,-823381556.0,2950.0
296238898.0,-823381556.0,3050.0
296238898.0,-823381557.0,3150.0
296238897.0,-823381557.0,3250.0
296238900.0,-823381558.0,3350.0
296238900.0,-823381558.0,3450.0
296238900.0,-823381558.0,3550.0
296238900.0,-823381558.0,3650.0
296238900.0,-823381558.0,3750.0
296238902.0,-823381559.0,3850.0
296238902.0,-823381559.0,4000.0
296238902.0,-823381560.0,4100.0
296238902.0,-823381560.0,4250.0
296238904.0,-823381561.0,4300.0
296238904.0,-823381561.0,4400.0
296238904.0,-823381561.0,4500.0
296238905.0,-823381562.0,4650.0
296238905.0,-823381562.0,4700.0
296238904.0,-823381564.0,4800.0
296238904.0,-823381564.0,4950.0
296238904.0,-823381564.0,5050.0
296238904.0,-823381564.0,5100.0
296238904.0,-823381565.0,5250.0
296238903.0,-823381567.0,5350.0
296238903.0,-823381568.0,5450.0
296238903.0,-823381568.0,5550.0
296238903.0,-823381568.0,5650.0
296238902.0,-823381569.0,5750.0
296238905.0,-823381569.0,5850.0
296238905.0,-823381570.0,5950.0
296238905.0,-823381570.0,6050.0
296238904.0,-823381570.0,6150.0
296238904.0,-823381571.0,6250.0
296238905.0,-823381572.0,6350.0
296238905.0,-823381572.0,6400.0
296238904.0,-823381573.0,6550.0
296238904.0,-823381573.0,6650.0
296238904.0,-823381573.0,6750.0
296238906.0,-823381573.0,6850.0
296238906.0,-823381574.0,6950.0
296238906.0,-823381574.0,7050.0
296238906.0,-823381574.0,7150.0
296238906.0,-823381574.0,7250.0
296238909.0,-823381574.0,7350.0
296238909.0,-823381574.0,7450.0
296238909.0,-823381575.0,7550.0
296238909.0,-823381575.0,7650.0
296238909.0,-823381575.0,7750.0
296238911.0,-823381575.0,7850.0
296238911.0,-823381575.0,7950.0
296238911.0,-823381575.0,8050.0
296238911.0,-823381575.0,8100.0
296238911.0,-823381575.0,8250.0
296238913.0,-823381576.0,8350.0
296238913.0,-823381576.0,8450.0
296238913.0,-823381576.0,8550.0
296238913.0,-823381576.0,8650.0
296238912.0,-823381576.0,8750.0
296238915.0,-823381576.0,8850.0
296238915.0,-823381576.0,8950.0
296238915.0,-823381576.0,9050.0
296238915.0,-823381576.0,9150.0
296238915.0,-823381576.0,9250.0
296238915.0,-823381577.0,9350.0
296238915.0,-823381578.0,9450.0
296238915.0,-823381578.0,9550.0
296238915.0,-823381578.0,9650.0
296238915.0,-823381578.0,9750.0
296238918.0,-823381578.0,9850.0
296238918.0,-823381578.0,9950.0
296238918.0,-823381578.0,10050.0
296238918.0,-823381578.0,10150.0
296238918.0,-823381578.0,10250.0
296238919.0,-823381580.0,10300.0
296238919.0,-823381580.0,10450.0
296238919.0,-823381580.0,10550.0
296238919.0,-823381580.0,10650.0
296238919.0,-823381580.0,10700.0
296238920.0,-823381582.0,10850.0
296238920.0,-823381582.0,10950.0
296238920.0,-823381583.0,11050.0
296238920.0,-823381583.0,11150.0
296238920.0,-823381583.0,11250.0
296238921.0,-823381583.0,11450.0
296238921.0,-823381584.0,11550.0
296238921.0,-823381584.0,11650.0
296238921.0,-823381584.0,11750.0
296238922.0,-823381585.0,11850.0
296238922.0,-823381585.0,11900.0
296238922.0,-823381586.0,12050.0
296238922.0,-823381586.0,12150.0
296238921.0,-823381586.0,12250.0
296238924.0,-823381587.0,12350.0
296238924.0,-823381587.0,12450.0
296238924.0,-823381587.0,12550.0
296238924.0,-823381587.0,12650.0
296238924.0,-823381588.0,12750.0
296238926.0,-823381588.0,12850.0
296238926.0,-823381588.0,12950.0
296238926.0,-823381589.0,13000.0
296238926.0,-823381589.0,13100.0
296238926.0,-823381589.0,13200.0
296238928.0,-823381590.0,13300.0
296238928.0,-823381590.0,13450.0
296238927.0,-823381590.0,13500.0
296238927.0,-823381590.0,13600.0
296238927.0,-823381591.0,13750.0
296238929.0,-823381592.0,13800.0
296238929.0,-823381592.0,13950.0
296238929.0,-823381593.0,14150.0
296238929.0,-823381593.0,14250.0
296238932.0,-823381592.0,14350.0
296238932.0,-823381592.0,14450.0
296238932.0,-823381592.0,14550.0
296238932.0,-823381593.0,14650.0
296238932.0,-823381593.0,14750.0
296238934.0,-823381591.0,14800.0
296238934.0,-823381591.0,14950.0
296238934.0,-823381591.0,15050.0
296238934.0,-823381591.0,15150.0
296238934.0,-823381591.0,15250.0
296238936.0,-823381591.0,15350.0
296238936.0,-823381591.0,15450.0
296238936.0,-823381591.0,15550.0
296238936.0,-823381592.0,15650.0
296238935.0,-823381592.0,15700.0
296238937.0,-823381592.0,15800.0
296238937.0,-823381592.0,15900.0
296238937.0,-823381593.0,16050.0
296238937.0,-823381593.0,16100.0
296238937.0,-823381593.0,16200.0
296238939.0,-823381591.0,16300.0
296238939.0,-823381592.0,16450.0
296238939.0,-823381592.0,16550.0
296238939.0,-823381592.0,16650.0
296238939.0,-823381592.0,16750.0
296238942.0,-823381590.0,16850.0
296238941.0,-823381590.0,16950.0
296238941.0,-823381590.0,17000.0
296238941.0,-823381591.0,17150.0
296238941.0,-823381591.0,17200.0
296238944.0,-823381591.0,17350.0
296238944.0,-823381591.0,17450.0
296238944.0,-823381591.0,17550.0
296238944.0,-823381591.0,17650.0
296238944.0,-823381592.0,17750.0
296238947.0,-823381590.0,17850.0
296238947.0,-823381591.0,17950.0
296238947.0,-823381591.0,18050.0
296238947.0,-823381591.0,18150.0
296238947.0,-823381591.0,18250.0
296238950.0,-823381589.0,18350.0
296238950.0,-823381589.0,18400.0
296238950.0,-823381589.0,18650.0
296238950.0,-823381589.0,18750.0
296238952.0,-823381588.0,18850.0
296238952.0,-823381589.0,18950.0
296238952.0,-823381589.0,19050.0
296238952.0,-823381589.0,19150.0
296238952.0,-823381589.0,19250.0
296238954.0,-823381588.0,19350.0
296238954.0,-823381588.0,19400.0
296238954.0,-823381588.0,19550.0
296238954.0,-823381588.0,19650.0
296238954.0,-823381589.0,19750.0
296238956.0,-823381587.0,19850.0
296238956.0,-823381587.0,19950.0
296238956.0,-823381587.0,20050.0
296238956.0,-823381587.0,20150.0
296238956.0,-823381587.0,20250.0
296238958.0,-823381586.0,20350.0
296238958.0,-823381586.0,20400.0
296238958.0,-823381586.0,20550.0
296238958.0,-823381586.0,20650.0
296238958.0,-823381586.0,20750.0
296238959.0,-823381586.0,20850.0
296238959.0,-823381586.0,20950.0
296238959.0,-823381586.0,21050.0
296238959.0,-823381586.0,21150.0
296238959.0,-823381587.0,21250.0
296238960.0,-823381586.0,21350.0
296238959.0,-823381586.0,21450.0
296238959.0,-823381586.0,21550.0
296238959.0,-823381586.0,21650.0
296238959.0,-823381586.0,21750.0
296238960.0,-823381585.0,21850.0
296238960.0,-823381585.0,21950.0
296238960.0,-823381586.0,22050.0
296238960.0,-823381586.0,22150.0
296238960.0,-823381586.0,22250.0
296238960.0,-823381585.0,22350.0
296238960.0,-823381585.0,22450.0
296238960.0,-823381586.0,22550.0
296238960.0,-823381586.0,22650.0
296238960.0,-823381586.0,22750.0
296238960.0,-823381586.0,22850.0
296238959.0,-823381586.0,22950.0
296238959.0,-823381587.0,23050.0
296238958.0,-823381587.0,23150.0
296238958.0,-823381587.0,23250.0
296238960.0,-823381587.0,23350.0
296238960.0,-823381587.0,23400.0
296238960.0,-823381587.0,23550.0
296238960.0,-823381587.0,23650.0
296238960.0,-823381587.0,23750.0
296238962.0,-823381587.0,23850.0
296238962.0,-823381587.0,23950.0
296238962.0,-823381587.0,24050.0
296238962.0,-823381587.0,24100.0
296238963.0,-823381588.0,24250.0
296238962.0,-823381588.0,24350.0
296238962.0,-823381588.0,24400.0
296238962.0,-823381588.0,24550.0
296238962.0,-823381588.0,24650.0
296238962.0,-823381588.0,24750.0
296238962.0,-823381590.0,24850.0
296238962.0,-823381590.0,24950.0
296238962.0,-823381590.0,25050.0
296238962.0,-823381590.0,25150.0
296238962.0,-823381590.0,25250.0
296238962.0,-823381591.0,25350.0
296238962.0,-823381591.0,25400.0
296238962.0,-823381591.0,25550.0
296238962.0,-823381592.0,25650.0
296238962.0,-823381592.0,25750.0
296238960.0,-823381593.0,25850.0
296238960.0,-823381593.0,25950.0
296238960.0,-823381593.0,26050.0
296238960.0,-823381593.0,26150.0
296238960.0,-823381593.0,26250.0
296238959.0,-823381594.0,26350.0
296238959.0,-823381594.0,26450.0
296238959.0,-823381594.0,26550.0
296238959.0,-823381594.0,26650.0
296238959.0,-823381594.0,26700.0
296238956.0,-823381595.0,26850.0
296238956.0,-823381595.0,26950.0
296238956.0,-823381595.0,27050.0
296238956.0,-823381595.0,27150.0
296238955.0,-823381595.0,27250.0
296238955.0,-823381597.0,27350.0
296238955.0,-823381597.0,27450.0
296238955.0,-823381597.0,27550.0
296238955.0,-823381597.0,27650.0
296238956.0,-823381597.0,27750.0
296238954.0,-823381599.0,27800.0
296238955.0,-823381599.0,27950.0
296238955.0,-823381599.0,28050.0
296238955.0,-823381599.0,28150.0
296238955.0,-823381599.0,28250.0
296238952.0,-823381601.0,28350.0
296238952.0,-823381601.0,28450.0
296238952.0,-823381601.0,28550.0
296238952.0,-823381601.0,28650.0
296238952.0,-823381601.0,28750.0
296238951.0,-823381602.0,28850.0
296238951.0,-823381602.0,28950.0
296238951.0,-823381602.0,29050.0
296238951.0,-823381602.0,29150.0
296238951.0,-823381602.0,29250.0
296238949.0,-823381602.0,29400.0
296238950.0,-823381602.0,29450.0
296238950.0,-823381602.0,29550.0
296238947.0,-823381602.0,29650.0
296238947.0,-823381602.0,29750.0
296238947.0,-823381602.0,29900.0
296238947.0,-823381602.0,29950.0
296238947.0,-823381601.0,30100.0
296238947.0,-823381601.0,30200.0
296238946.0,-823381604.0,30300.0
296238946.0,-823381604.0,30400.0
296238946.0,-823381604.0,30500.0
296238946.0,-823381604.0,30550.0
296238946.0,-823381605.0,30700.0
296238946.0,-823381605.0,30800.0
296238944.0,-823381605.0,30850.0
296238944.0,-823381605.0,31000.0
296238944.0,-823381605.0,31050.0
296238944.0,-823381605.0,31200.0
296238944.0,-823381605.0,31300.0
296238943.0,-823381606.0,31400.0
296238943.0,-823381606.0,31450.0
296238943.0,-823381606.0,31600.0
296238943.0,-823381606.0,31700.0
296238942.0,-823381608.0,31800.0
296238942.0,-823381608.0,31900.0
296238942.0,-823381608.0,31950.0
296238942.0,-823381608.0,32100.0
296238942.0,-823381608.0,32200.0
296238942.0,-823381609.0,32300.0
296238943.0,-823381607.0,32350.0
296238943.0,-823381607.0,32500.0
296238943.0,-823381608.0,32600.0
296238943.0,-823381608.0,32700.0
296238943.0,-823381608.0,32800.0
296238943.0,-823381608.0,32900.0
296238943.0,-823381608.0,33000.0
296238943.0,-823381609.0,33100.0
296238943.0,-823381609.0,33200.0
296238943.0,-823381609.0,33300.0
296238942.0,-823381609.0,33400.0
296238942.0,-823381610.0,33450.0
296238941.0,-823381610.0,33600.0
296238941.0,-823381610.0,33700.0
296238942.0,-823381610.0,33800.0
296238942.0,-823381610.0,33850.0
296238942.0,-823381610.0,34000.0
296238942.0,-823381610.0,34050.0
296238942.0,-823381610.0,34200.0
296238942.0,-823381611.0,34300.0
296238942.0,-823381611.0,34400.0
296238942.0,-823381611.0,34500.0
296238942.0,-823381611.0,34550.0
296238942.0,-823381612.0,34700.0
296238942.0,-823381612.0,34800.0
296238941.0,-823381612.0,34850.0
296238941.0,-823381612.0,35000.0
296238941.0,-823381613.0,35050.0
296238941.0,-823381613.0,35200.0
296238940.0,-823381613.0,35300.0
296238940.0,-823381613.0,35350.0
296238939.0,-823381614.0,35450.0
296238939.0,-823381614.0,35550.0
296238939.0,-823381614.0,35700.0
296238939.0,-823381615.0,35800.0
296238939.0,-823381615.0,35850.0
296238939.0,-823381615.0,35950.0
296238939.0,-823381615.0,36000.0
296238939.0,-823381616.0,36150.0
296238939.0,-823381616.0,36250.0
296238939.0,-823381616.0,36350.0
296238939.0,-823381617.0,36500.0
296238938.0,-823381617.0,36600.0
296238938.0,-823381617.0,36650.0
296238938.0,-823381617.0,36750.0
296238939.0,-823381616.0,36850.0
296238939.0,-823381616.0,36950.0
296238939.0,-823381617.0,37050.0
296238939.0,-823381617.0,37150.0
296238939.0,-823381615.0,37300.0
296238939.0,-823381615.0,37350.0
296238939.0,-823381615.0,37450.0
296238939.0,-823381616.0,37550.0
296238939.0,-823381616.0,37650.0
296238939.0,-823381616.0,37800.0
296238939.0,-823381616.0,37900.0
296238939.0,-823381616.0,37950.0
296238939.0,-823381616.0,38050.0
296238939.0,-823381617.0,38150.0
296238939.0,-823381617.0,38250.0
296238938.0,-823381617.0,38350.0
296238938.0,-823381617.0,38400.0
296238938.0,-823381617.0,38550.0
296238938.0,-823381617.0,38650.0
296238938.0,-823381617.0,38750.0
296238937.0,-823381618.0,38850.0
296238937.0,-823381618.0,38950.0
296238937.0,-823381618.0,39050.0
296238937.0,-823381618.0,39150.0
296238935.0,-823381620.0,39300.0
296238935.0,-823381620.0,39350.0
296238935.0,-823381620.0,39400.0
296238935.0,-823381620.0,39500.0
296238935.0,-823381621.0,39750.0
296238935.0,-823381622.0,39850.0
296238935.0,-823381622.0,39900.0
296238935.0,-823381622.0,40050.0
296238935.0,-823381622.0,40150.0
296238935.0,-823381622.0,40250.0
296238935.0,-823381621.0,40350.0
296238935.0,-823381621.0,40450.0
296238935.0,-823381621.0,40550.0
296238935.0,-823381621.0,40650.0
296238936.0,-823381621.0,40700.0
296238934.0,-823381623.0,40850.0
296238934.0,-823381623.0,40900.0
296238934.0,-823381624.0,41050.0
296238934.0,-823381624.0,41150.0
296238934.0,-823381624.0,41250.0
296238932.0,-823381625.0,41350.0
296238931.0,-823381625.0,41450.0
296238931.0,-823381625.0,41550.0
296238931.0,-823381625.0,41650.0
296238931.0,-823381626.0,41750.0
296238931.0,-823381625.0,41850.0
296238931.0,-823381625.0,41950.0
296238930.0,-823381625.0,42050.0
296238930.0,-823381625.0,42150.0
296238930.0,-823381626.0,42250.0
296238930.0,-823381627.0,42350.0
296238929.0,-823381628.0,42450.0
296238929.0,-823381628.0,42550.0
296238929.0,-823381629.0,42650.0
296238929.0,-823381629.0,42750.0
296238929.0,-823381629.0,42850.0
296238929.0,-823381629.0,42950.0
296238929.0,-823381630.0,43050.0
296238929.0,-823381630.0,43150.0
296238929.0,-823381630.0,43250.0
296238928.0,-823381630.0,43350.0
296238928.0,-823381631.0,43450.0
296238928.0,-823381631.0,43550.0
296238928.0,-823381632.0,43700.0
296238928.0,-823381632.0,43750.0
296238928.0,-823381631.0,43800.0
296238928.0,-823381632.0,43950.0
296238928.0,-823381632.0,44050.0
296238927.0,-823381633.0,44150.0
296238927.0,-823381633.0,44300.0
296238927.0,-823381633.0,44350.0
296238927.0,-823381634.0,44450.0
296238927.0,-823381634.0,44550.0
296238927.0,-823381634.0,44650.0
296238927.0,-823381635.0,44750.0
296238925.0,-823381635.0,44850.0
296238925.0,-823381635.0,44950.0
296238924.0,-823381635.0,45050.0
296238924.0,-823381636.0,45150.0
296238923.0,-823381635.0,45300.0
296238922.0,-823381635.0,45350.0
296238922.0,-823381636.0,45450.0
296238922.0,-823381636.0,45550.0
296238921.0,-823381636.0,45700.0
296238922.0,-823381636.0,45800.0
296238921.0,-823381637.0,45900.0
296238921.0,-823381637.0,46000.0
296238921.0,-823381637.0,46100.0
296238921.0,-823381637.0,46200.0
296238920.0,-823381637.0,46300.0
296238920.0,-823381637.0,46400.0
296238920.0,-823381638.0,46500.0
296238920.0,-823381638.0,46600.0
296238919.0,-823381638.0,46700.0
296238919.0,-823381638.0,46800.0
296238919.0,-823381638.0,46850.0
296238919.0,-823381638.0,47000.0
296238918.0,-823381639.0,47100.0
296238918.0,-823381639.0,47200.0
296238919.0,-823381638.0,47300.0
296238919.0,-823381638.0,47400.0
296238919.0,-823381638.0,47500.0
296238919.0,-823381638.0,47600.0
296238919.0,-823381638.0,47650.0
296238919.0,-823381638.0,47800.0
296238919.0,-823381638.0,47850.0
296238919.0,-823381638.0,48000.0
296238920.0,-823381638.0,48050.0
296238920.0,-823381638.0,48200.0
296238918.0,-823381639.0,48300.0
296238918.0,-823381639.0,48450.0
296238917.0,-823381639.0,48550.0
296238917.0,-823381639.0,48650.0
296238917.0,-823381639.0,48750.0
296238919.0,-823381637.0,48800.0
296238918.0,-823381637.0,48900.0
296238918.0,-823381638.0,49050.0
296238918.0,-823381638.0,49150.0
296238918.0,-823381638.0,49250.0
296238919.0,-823381637.0,49300.0
296238919.0,-823381637.0,49450.0
296238918.0,-823381637.0,49550.0
296238918.0,-823381637.0,49600.0
296238918.0,-823381638.0,49750.0
296238919.0,-823381636.0,49800.0
296238919.0,-823381636.0,49950.0
296238919.0,-823381636.0,50050.0
296238919.0,-823381636.0,50150.0
296238919.0,-823381636.0,50250.0
296238918.0,-823381635.0,50350.0
296238918.0,-823381635.0,50450.0
296238918.0,-823381635.0,50650.0
296238918.0,-823381635.0,50700.0
296238916.0,-823381635.0,50850.0
296238916.0,-823381635.0,50950.0
296238916.0,-823381635.0,51050.0
296238916.0,-823381635.0,51150.0
296238916.0,-823381636.0,51250.0
296238916.0,-823381634.0,51350.0
296238916.0,-823381634.0,51450.0
296238916.0,-823381634.0,51500.0
296238916.0,-823381635.0,51650.0
296238916.0,-823381635.0,51750.0
296238917.0,-823381633.0,51850.0
296238917.0,-823381633.0,51950.0
296238917.0,-823381633.0,52050.0
296238917.0,-823381634.0,52150.0
296238916.0,-823381634.0,52250.0
296238918.0,-823381631.0,52350.0
296238918.0,-823381631.0,52450.0
296238917.0,-823381631.0,52550.0
296238917.0,-823381632.0,52650.0
296238917.0,-823381632.0,52750.0
296238917.0,-823381629.0,52800.0
296238917.0,-823381629.0,52950.0
296238916.0,-823381630.0,53150.0
296238916.0,-823381630.0,53250.0
296238916.0,-823381627.0,53300.0
296238916.0,-823381628.0,53450.0
296238915.0,-823381628.0,53500.0
296238915.0,-823381628.0,53650.0
296238915.0,-823381628.0,53750.0
296238917.0,-823381626.0,53800.0
296238917.0,-823381626.0,53950.0
296238917.0,-823381626.0,54000.0
296238916.0,-823381627.0,54150.0
296238916.0,-823381627.0,54250.0
296238916.0,-823381624.0,54350.0
296238916.0,-823381625.0,54450.0
296238916.0,-823381625.0,54550.0
296238916.0,-823381625.0,54650.0
296238915.0,-823381625.0,54750.0
296238915.0,-823381624.0,54850.0
296238915.0,-823381624.0,54950.0
296238915.0,-823381625.0,55050.0
296238915.0,-823381625.0,55150.0
296238914.0,-823381623.0,55300.0
296238914.0,-823381623.0,55450.0
296238914.0,-823381623.0,55550.0
296238914.0,-823381623.0,55650.0
296238913.0,-823381622.0,55800.0
296238913.0,-823381623.0,55950.0
296238913.0,-823381623.0,56050.0
296238913.0,-823381623.0,56100.0
296238912.0,-823381623.0,56200.0
296238911.0,-823381623.0,56350.0
296238911.0,-823381624.0,56450.0
296238911.0,-823381624.0,56550.0
296238911.0,-823381624.0,56650.0
296238911.0,-823381624.0,56750.0
296238908.0,-823381624.0,56850.0
296238908.0,-823381625.0,56950.0
296238908.0,-823381625.0,57050.0
296238908.0,-823381625.0,57150.0
296238908.0,-823381625.0,57250.0
296238907.0,-823381624.0,57350.0
296238907.0,-823381624.0,57450.0
296238907.0,-823381624.0,57550.0
296238907.0,-823381624.0,57650.0
296238907.0,-823381624.0,57750.0
296238907.0,-823381624.0,57800.0
296238905.0,-823381623.0,57950.0
296238905.0,-823381623.0,58050.0
296238905.0,-823381623.0,58150.0
296238906.0,-823381622.0,58250.0
296238901.0,-823381624.0,58350.0
296238901.0,-823381624.0,58400.0
296238901.0,-823381624.0,58550.0
296238901.0,-823381624.0,58600.0
296238901.0,-823381624.0,58750.0
296238898.0,-823381624.0,58850.0
296238898.0,-823381624.0,58950.0
296238898.0,-823381624.0,59050.0
296238898.0,-823381624.0,59150.0
296238898.0,-823381624.0,59250.0
296238894.0,-823381625.0,59450.0
296238894.0,-823381625.0,59550.0
296238894.0,-823381625.0,59650.0
296238894.0,-823381625.0,59750.0
296238889.0,-823381625.0,59850.0
296238890.0,-823381625.0,59950.0
296238890.0,-823381625.0,50.0
296238890.0,-823381625.0,150.0
296238890.0,-823381625.0,250.0
296238885.0,-823381627.0,350.0
296238885.0,-823381627.0,450.0
296238885.0,-823381627.0,550.0
296238885.0,-823381627.0,650.0
296238885.0,-823381627.0,750.0
296238879.0,-823381628.0,850.0
296238879.0,-823381628.0,950.0
296238879.0,-823381628.0,1050.0
296238879.0,-823381628.0,1150.0
296238879.0,-823381628.0,1250.0
296238876.0,-823381630.0,1350.0
296238876.0,-823381630.0,1450.0
296238876.0,-823381630.0,1550.0
296238876.0,-823381630.0,1650.0
296238876.0,-823381630.0,1750.0
296238871.0,-823381632.0,1850.0
296238871.0,-823381632.0,1950.0
296238871.0,-823381632.0,2050.0
296238871.0,-823381632.0,2150.0
296238871.0,-823381633.0,2250.0
296238864.0,-823381636.0,2350.0
296238864.0,-823381636.0,2500.0
296238864.0,-823381637.0,2600.0
296238864.0,-823381637.0,2650.0
296238863.0,-823381637.0,2750.0
296238859.0,-823381639.0,2850.0
296238858.0,-823381639.0,2950.0
296238858.0,-823381639.0,3000.0
296238858.0,-823381640.0,3150.0
296238858.0,-823381640.0,3200.0
296238853.0,-823381641.0,3350.0
296238853.0,-823381641.0,3450.0
296238853.0,-823381641.0,3550.0
296238853.0,-823381641.0,3650.0
296238853.0,-823381641.0,3750.0
296238849.0,-823381644.0,3850.0
296238849.0,-823381644.0,3950.0
296238848.0,-823381644.0,4050.0
296238848.0,-823381645.0,4150.0
296238848.0,-823381645.0,4250.0
296238843.0,-823381646.0,4350.0
296238843.0,-823381646.0,4450.0
296238842.0,-823381647.0,4550.0
296238842.0,-823381647.0,4650.0
296238842.0,-823381647.0,4750.0
296238837.0,-823381649.0,4850.0
296238836.0,-823381649.0,4950.0
296238836.0,-823381650.0,5050.0
296238836.0,-823381650.0,5150.0
296238836.0,-823381650.0,5250.0
296238830.0,-823381652.0,5350.0
296238830.0,-823381652.0,5400.0
296238830.0,-823381653.0,5550.0
296238829.0,-823381653.0,5650.0
296238829.0,-823381653.0,5750.0
296238824.0,-823381655.0,5850.0
296238824.0,-823381656.0,5950.0
296238823.0,-823381656.0,6050.0
296238823.0,-823381656.0,6150.0
296238823.0,-823381656.0,6250.0
296238817.0,-823381660.0,6350.0
296238817.0,-823381660.0,6450.0
296238817.0,-823381660.0,6550.0
296238817.0,-823381661.0,6650.0
296238817.0,-823381661.0,6750.0
296238809.0,-823381663.0,6850.0
296238809.0,-823381663.0,6950.0
296238809.0,-823381663.0,7050.0
296238809.0,-823381663.0,7150.0
296238809.0,-823381664.0,7250.0
296238801.0,-823381669.0,7300.0
296238801.0,-823381670.0,7450.0
296238801.0,-823381670.0,7550.0
296238801.0,-823381671.0,7650.0
296238795.0,-823381672.0,7800.0
296238795.0,-823381672.0,7850.0
296238795.0,-823381672.0,7950.0
296238795.0,-823381673.0,8050.0
296238794.0,-823381673.0,8150.0
296238794.0,-823381673.0,8250.0
296238790.0,-823381674.0,8350.0
296238790.0,-823381674.0,8450.0
296238790.0,-823381674.0,8550.0
296238790.0,-823381674.0,8650.0
296238790.0,-823381674.0,8750.0
296238783.0,-823381678.0,8850.0
296238783.0,-823381678.0,8950.0
296238783.0,-823381678.0,9050.0
296238783.0,-823381678.0,9150.0
296238783.0,-823381679.0,9250.0
296238776.0,-823381682.0,9350.0
296238776.0,-823381682.0,9450.0
296238776.0,-823381683.0,9550.0
296238776.0,-823381683.0,9650.0
296238776.0,-823381683.0,9750.0
296238770.0,-823381684.0,9850.0
296238770.0,-823381684.0,9950.0
296238770.0,-823381684.0,10050.0
296238770.0,-823381684.0,10150.0
296238770.0,-823381684.0,10250.0
296238766.0,-823381685.0,10350.0
296238766.0,-823381685.0,10450.0
296238766.0,-823381685.0,10500.0
296238766.0,-823381685.0,10650.0
296238766.0,-823381686.0,10750.0
296238761.0,-823381687.0,10850.0
296238761.0,-823381687.0,10950.0
296238761.0,-823381687.0,11050.0
296238761.0,-823381688.0,11150.0
296238761.0,-823381688.0,11250.0
296238757.0,-823381688.0,11350.0
296238757.0,-823381688.0,11400.0
296238757.0,-823381688.0,11650.0
296238757.0,-823381689.0,11750.0
296238751.0,-823381690.0,11850.0
296238751.0,-823381690.0,11950.0
296238751.0,-823381690.0,12000.0
296238751.0,-823381690.0,12150.0
296238751.0,-823381691.0,12250.0
296238747.0,-823381690.0,12300.0
296238747.0,-823381690.0,12450.0
296238747.0,-823381690.0,12550.0
296238746.0,-823381690.0,12650.0
296238746.0,-823381691.0,12750.0
296238742.0,-823381690.0,12850.0
296238742.0,-823381691.0,12950.0
296238742.0,-823381691.0,13050.0
296238741.0,-823381691.0,13150.0
296238741.0,-823381691.0,13200.0
296238738.0,-823381692.0,13350.0
296238737.0,-823381692.0,13450.0
296238737.0,-823381692.0,13550.0
296238737.0,-823381693.0,13650.0
296238737.0,-823381693.0,13750.0
296238733.0,-823381693.0,13850.0
296238732.0,-823381693.0,13950.0
296238732.0,-823381694.0,14000.0
296238732.0,-823381694.0,14150.0
296238732.0,-823381695.0,14250.0
296238727.0,-823381695.0,14350.0
296238727.0,-823381695.0,14400.0
296238727.0,-823381696.0,14500.0
296238726.0,-823381697.0,14650.0
296238726.0,-823381697.0,14750.0
296238721.0,-823381698.0,14850.0
296238721.0,-823381698.0,14950.0
296238721.0,-823381698.0,15000.0
296238721.0,-823381698.0,15100.0
296238721.0,-823381699.0,15250.0
296238715.0,-823381700.0,15350.0
296238715.0,-823381700.0,15450.0
296238715.0,-823381700.0,15550.0
296238715.0,-823381701.0,15650.0
296238715.0,-823381701.0,15750.0
296238708.0,-823381703.0,15800.0
296238708.0,-823381703.0,15950.0
296238708.0,-823381703.0,16050.0
296238708.0,-823381704.0,16250.0
296238704.0,-823381703.0,16300.0
296238704.0,-823381704.0,16450.0
296238704.0,-823381704.0,16550.0
296238704.0,-823381704.0,16650.0
296238704.0,-823381704.0,16750.0
296238699.0,-823381705.0,16850.0
296238699.0,-823381705.0,16950.0
296238699.0,-823381705.0,17000.0
296238698.0,-823381706.0,17150.0
296238698.0,-823381706.0,17250.0
296238692.0,-823381711.0,17350.0
296238693.0,-823381711.0,17450.0
296238693.0,-823381711.0,17550.0
296238693.0,-823381711.0,17650.0
296238693.0,-823381712.0,17750.0
296238685.0,-823381716.0,17850.0
296238685.0,-823381716.0,17950.0
296238685.0,-823381716.0,18050.0
296238686.0,-823381716.0,18100.0
296238686.0,-823381716.0,18250.0
296238680.0,-823381718.0,18350.0
296238680.0,-823381718.0,18400.0
296238680.0,-823381719.0,18550.0
296238680.0,-823381719.0,18650.0
296238680.0,-823381719.0,18700.0
296238676.0,-823381720.0,18800.0
296238676.0,-823381720.0,18950.0
296238675.0,-823381720.0,19050.0
296238675.0,-823381720.0,19150.0
296238675.0,-823381721.0,19250.0
296238674.0,-823381722.0,19300.0
296238674.0,-823381722.0,19400.0
296238674.0,-823381722.0,19550.0
296238674.0,-823381722.0,19600.0
296238674.0,-823381722.0,19750.0
296238672.0,-823381723.0,19850.0
296238672.0,-823381723.0,19950.0
296238673.0,-823381724.0,20050.0
296238673.0,-823381724.0,20150.0
296238673.0,-823381724.0,20250.0
296238670.0,-823381724.0,20350.0
296238670.0,-823381724.0,20450.0
296238670.0,-823381724.0,20550.0
296238670.0,-823381725.0,20650.0
296238671.0,-823381725.0,20750.0
296238667.0,-823381725.0,20850.0
296238667.0,-823381725.0,20950.0
296238666.0,-823381725.0,21050.0
296238666.0,-823381726.0,21150.0
296238666.0,-823381726.0,21250.0
296238665.0,-823381725.0,21300.0
296238665.0,-823381725.0,21400.0
296238664.0,-823381726.0,21550.0
296238664.0,-823381726.0,21650.0
296238664.0,-823381726.0,21750.0
296238664.0,-823381725.0,21850.0
296238664.0,-823381725.0,21950.0
296238664.0,-823381725.0,22050.0
296238664.0,-823381726.0,22150.0
296238664.0,-823381726.0,22250.0
296238661.0,-823381725.0,22300.0
296238661.0,-823381726.0,22450.0
296238661.0,-823381726.0,22550.0
296238661.0,-823381726.0,22600.0
296238661.0,-823381726.0,22750.0
296238656.0,-823381728.0,22850.0
296238656.0,-823381729.0,22950.0
296238656.0,-823381729.0,23050.0
296238655.0,-823381729.0,23150.0
296238655.0,-823381729.0,23250.0
296238653.0,-823381729.0,23300.0
296238653.0,-823381729.0,23450.0
296238653.0,-823381729.0,23500.0
296238652.0,-823381730.0,23650.0
296238652.0,-823381730.0,23750.0
296238651.0,-823381728.0,23800.0
296238651.0,-823381729.0,23950.0
296238651.0,-823381729.0,24000.0
296238651.0,-823381729.0,24100.0
296238651.0,-823381729.0,24250.0
296238650.0,-823381728.0,24350.0
296238650.0,-823381728.0,24450.0
296238650.0,-823381728.0,24500.0
296238650.0,-823381728.0,24600.0
296238649.0,-823381728.0,24700.0
296238646.0,-823381730.0,24850.0
296238645.0,-823381730.0,24950.0
296238645.0,-823381730.0,25050.0
296238645.0,-823381730.0,25150.0
296238645.0,-823381731.0,25250.0
296238642.0,-823381732.0,25350.0
296238642.0,-823381732.0,25450.0
296238642.0,-823381732.0,25550.0
296238642.0,-823381732.0,25650.0
296238642.0,-823381733.0,25750.0
296238642.0,-823381731.0,25850.0
296238642.0,-823381731.0,25950.0
296238642.0,-823381731.0,26050.0
296238642.0,-823381731.0,26150.0
296238642.0,-823381731.0,26250.0
296238639.0,-823381730.0,26350.0
296238639.0,-823381730.0,26450.0
296238639.0,-823381730.0,26550.0
296238639.0,-823381731.0,26650.0
296238639.0,-823381731.0,26750.0
296238639.0,-823381729.0,26850.0
296238638.0,-823381729.0,26950.0
296238638.0,-823381729.0,27050.0
296238638.0,-823381729.0,27150.0
296238638.0,-823381730.0,27250.0
296238637.0,-823381728.0,27350.0
296238637.0,-823381728.0,27450.0
296238637.0,-823381728.0,27550.0
296238637.0,-823381728.0,27650.0
296238637.0,-823381728.0,27750.0
296238636.0,-823381726.0,27850.0
296238636.0,-823381726.0,27950.0
296238636.0,-823381726.0,28050.0
296238636.0,-823381726.0,28200.0
296238636.0,-823381726.0,28250.0
296238636.0,-823381724.0,28350.0
296238636.0,-823381724.0,28450.0
296238637.0,-823381724.0,28550.0
296238637.0,-823381724.0,28650.0
296238637.0,-823381724.0,28750.0
296238636.0,-823381722.0,28850.0
296238636.0,-823381723.0,28950.0
296238636.0,-823381723.0,29050.0
296238636.0,-823381723.0,29150.0
296238637.0,-823381723.0,29250.0
296238633.0,-823381722.0,29350.0
296238633.0,-823381723.0,29450.0
296238633.0,-823381723.0,29550.0
296238633.0,-823381723.0,29650.0
296238633.0,-823381723.0,29750.0
296238630.0,-823381723.0,29850.0
296238630.0,-823381723.0,29950.0
296238630.0,-823381723.0,30050.0
296238630.0,-823381723.0,30150.0
296238630.0,-823381723.0,30250.0
296238628.0,-823381722.0,30350.0
296238628.0,-823381723.0,30450.0
296238628.0,-823381723.0,30550.0
296238628.0,-823381723.0,30650.0
296238628.0,-823381723.0,30750.0
296238626.0,-823381721.0,30850.0
296238627.0,-823381721.0,30950.0
296238627.0,-823381721.0,31050.0
296238627.0,-823381721.0,31150.0
296238627.0,-823381722.0,31250.0
296238625.0,-823381719.0,31350.0
296238625.0,-823381719.0,31450.0
296238625.0,-823381719.0,31500.0
296238625.0,-823381719.0,31650.0
296238625.0,-823381719.0,31750.0
296238626.0,-823381717.0,31850.0
296238626.0,-823381717.0,31950.0
296238626.0,-823381717.0,32050.0
296238626.0,-823381717.0,32150.0
296238626.0,-823381718.0,32250.0
296238627.0,-823381713.0,32350.0
296238627.0,-823381713.0,32450.0
296238627.0,-823381714.0,32550.0
296238627.0,-823381714.0,32650.0
296238627.0,-823381714.0,32750.0
296238628.0,-823381710.0,32850.0
296238628.0,-823381710.0,32950.0
296238628.0,-823381710.0,33050.0
296238628.0,-823381710.0,33150.0
296238628.0,-823381710.0,33250.0
296238629.0,-823381707.0,33350.0
296238629.0,-823381707.0,33450.0
296238628.0,-823381708.0,33550.0
296238628.0,-823381708.0,33650.0
296238630.0,-823381703.0,33850.0
296238630.0,-823381704.0,33950.0
296238630.0,-823381704.0,34000.0
296238630.0,-823381704.0,34150.0
296238630.0,-823381704.0,34250.0
296238632.0,-823381700.0,34350.0
296238632.0,-823381700.0,34450.0
296238632.0,-823381700.0,34550.0
296238632.0,-823381700.0,34650.0
296238632.0,-823381701.0,34750.0
296238633.0,-823381696.0,34850.0
296238633.0,-823381697.0,34950.0
296238633.0,-823381697.0,35000.0
296238633.0,-823381697.0,35200.0
296238635.0,-823381693.0,35300.0
296238635.0,-823381693.0,35450.0
296238635.0,-823381693.0,35550.0
296238635.0,-823381693.0,35650.0
296238635.0,-823381693.0,35750.0
296238637.0,-823381689.0,35850.0
296238636.0,-823381689.0,35950.0
296238636.0,-823381689.0,36050.0
296238636.0,-823381689.0,36150.0
296238636.0,-823381689.0,36250.0
296238638.0,-823381685.0,36350.0
296238638.0,-823381685.0,36450.0
296238638.0,-823381686.0,36550.0
296238637.0,-823381686.0,36650.0
296238637.0,-823381686.0,36750.0
296238640.0,-823381682.0,36850.0
296238640.0,-823381682.0,36950.0
296238640.0,-823381682.0,37050.0
296238640.0,-823381682.0,37150.0
296238640.0,-823381683.0,37250.0
296238643.0,-823381677.0,37350.0
296238643.0,-823381677.0,37450.0
296238643.0,-823381678.0,37600.0
296238643.0,-823381678.0,37750.0
296238645.0,-823381673.0,37850.0
296238645.0,-823381673.0,37950.0
296238645.0,-823381673.0,38050.0
296238645.0,-823381673.0,38100.0
296238645.0,-823381673.0,38250.0
296238648.0,-823381668.0,38350.0
296238648.0,-823381668.0,38450.0
296238648.0,-823381668.0,38600.0
296238648.0,-823381668.0,38750.0
296238651.0,-823381664.0,38850.0
296238651.0,-823381664.0,38950.0
296238651.0,-823381664.0,39050.0
296238651.0,-823381664.0,39150.0
296238651.0,-823381664.0,39250.0
296238653.0,-823381659.0,39350.0
296238653.0,-823381659.0,39450.0
296238654.0,-823381659.0,39550.0
296238654.0,-823381659.0,39650.0
296238654.0,-823381659.0,39750.0
296238655.0,-823381654.0,39850.0
296238655.0,-823381654.0,39950.0
296238655.0,-823381654.0,40050.0
296238655.0,-823381654.0,40150.0
296238655.0,-823381654.0,40250.0
296238657.0,-823381650.0,40350.0
296238657.0,-823381650.0,40450.0
296238657.0,-823381650.0,40550.0
296238657.0,-823381650.0,40650.0
296238657.0,-823381650.0,40750.0
296238660.0,-823381644.0,40850.0
296238660.0,-823381644.0,40950.0
296238660.0,-823381644.0,41050.0
296238659.0,-823381644.0,41150.0
296238659.0,-823381645.0,41250.0
296238663.0,-823381639.0,41350.0
296238663.0,-823381639.0,41450.0
296238662.0,-823381639.0,41550.0
296238662.0,-823381639.0,41650.0
296238662.0,-823381640.0,41750.0
296238667.0,-823381634.0,41850.0
296238667.0,-823381634.0,41950.0
296238667.0,-823381634.0,42050.0
296238667.0,-823381635.0,42150.0
296238667.0,-823381635.0,42250.0
296238672.0,-823381628.0,42350.0
296238672.0,-823381628.0,42450.0
296238672.0,-823381628.0,42550.0
296238672.0,-823381628.0,42650.0
296238672.0,-823381629.0,42750.0
296238677.0,-823381621.0,42850.0
296238677.0,-823381621.0,42950.0
296238677.0,-823381622.0,43050.0
296238677.0,-823381622.0,43100.0
296238677.0,-823381622.0,43250.0
296238681.0,-823381614.0,43350.0
296238681.0,-823381614.0,43450.0
296238681.0,-823381614.0,43550.0
296238681.0,-823381615.0,43600.0
296238681.0,-823381615.0,43750.0
296238686.0,-823381607.0,43850.0
296238686.0,-823381608.0,43950.0
296238686.0,-823381608.0,44050.0
296238685.0,-823381608.0,44150.0
296238685.0,-823381608.0,44250.0
296238689.0,-823381601.0,44350.0
296238689.0,-823381601.0,44450.0
296238689.0,-823381602.0,44550.0
296238689.0,-823381602.0,44600.0
296238689.0,-823381602.0,44750.0
296238693.0,-823381594.0,44850.0
296238693.0,-823381594.0,44950.0
296238693.0,-823381594.0,45050.0
296238694.0,-823381594.0,45150.0
296238694.0,-823381594.0,45250.0
296238697.0,-823381588.0,45300.0
296238697.0,-823381588.0,45450.0
296238698.0,-823381588.0,45550.0
296238698.0,-823381588.0,45650.0
296238698.0,-823381588.0,45700.0
296238702.0,-823381582.0,45850.0
296238702.0,-823381582.0,45950.0
296238702.0,-823381582.0,46050.0
296238702.0,-823381582.0,46150.0
296238702.0,-823381582.0,46250.0
296238707.0,-823381577.0,46350.0
296238707.0,-823381577.0,46450.0
296238707.0,-823381577.0,46550.0
296238707.0,-823381577.0,46650.0
296238707.0,-823381577.0,46750.0
296238711.0,-823381573.0,46850.0
296238711.0,-823381573.0,46950.0
296238711.0,-823381573.0,47050.0
296238711.0,-823381574.0,47150.0
296238711.0,-823381574.0,47250.0
296238717.0,-823381568.0,47350.0
296238717.0,-823381568.0,47450.0
296238717.0,-823381568.0,47550.0
296238717.0,-823381568.0,47600.0
296238717.0,-823381569.0,47750.0
296238722.0,-823381563.0,47850.0
296238722.0,-823381563.0,47950.0
296238722.0,-823381563.0,48050.0
296238723.0,-823381563.0,48150.0
296238723.0,-823381563.0,48250.0
296238727.0,-823381559.0,48350.0
296238727.0,-823381559.0,48450.0
296238727.0,-823381559.0,48550.0
296238727.0,-823381559.0,48650.0
296238727.0,-823381559.0,48750.0
296238732.0,-823381555.0,48850.0
296238732.0,-823381555.0,48950.0
296238732.0,-823381555.0,49050.0
296238732.0,-823381555.0,49150.0
296238732.0,-823381555.0,49200.0
296238735.0,-823381551.0,49350.0
296238735.0,-823381551.0,49450.0
296238735.0,-823381551.0,49550.0
296238735.0,-823381551.0,49650.0
296238735.0,-823381551.0,49750.0
296238738.0,-823381548.0,49850.0
296238738.0,-823381548.0,49950.0
296238738.0,-823381548.0,50050.0
296238738.0,-823381548.0,50150.0
296238738.0,-823381548.0,50250.0
296238742.0,-823381545.0,50350.0
296238742.0,-823381545.0,50450.0
296238742.0,-823381545.0,50550.0
296238744.0,-823381541.0,50650.0
296238744.0,-823381541.0,50750.0
296238743.0,-823381541.0,50850.0
296238743.0,-823381540.0,50950.0
296238742.0,-823381540.0,51050.0
296238742.0,-823381540.0,51150.0
296238742.0,-823381540.0,51250.0
296238748.0,-823381538.0,51350.0
296238748.0,-823381538.0,51450.0
296238748.0,-823381538.0,51500.0
296238748.0,-823381538.0,51650.0
296238748.0,-823381539.0,51750.0
296238753.0,-823381535.0,51850.0
296238753.0,-823381536.0,51950.0
296238753.0,-823381536.0,52050.0
296238753.0,-823381536.0,52150.0
296238752.0,-823381536.0,52250.0
296238756.0,-823381531.0,52350.0
296238756.0,-823381531.0,52400.0
296238756.0,-823381532.0,52550.0
296238756.0,-823381532.0,52650.0
296238756.0,-823381532.0,52750.0
296238758.0,-823381529.0,52850.0
296238758.0,-823381529.0,52950.0
296238758.0,-823381529.0,53050.0
296238757.0,-823381529.0,53150.0
296238758.0,-823381527.0,53350.0
296238758.0,-823381527.0,53450.0
296238758.0,-823381528.0,53550.0
296238757.0,-823381528.0,53650.0
296238757.0,-823381528.0,53750.0
296238758.0,-823381526.0,53850.0
296238758.0,-823381526.0,53900.0
296238757.0,-823381527.0,54050.0
296238757.0,-823381527.0,54150.0
296238757.0,-823381527.0,54250.0
296238760.0,-823381525.0,54350.0
296238760.0,-823381525.0,54550.0
296238760.0,-823381525.0,54650.0
296238760.0,-823381525.0,54750.0
296238761.0,-823381523.0,54850.0
296238761.0,-823381523.0,54950.0
296238761.0,-823381524.0,55150.0
296238761.0,-823381524.0,55250.0
296238764.0,-823381521.0,55350.0
296238764.0,-823381521.0,55450.0
296238764.0,-823381521.0,55550.0
296238764.0,-823381522.0,55650.0
296238764.0,-823381522.0,55750.0
296238766.0,-823381519.0,55850.0
296238766.0,-823381519.0,55950.0
296238766.0,-823381519.0,56050.0
296238766.0,-823381519.0,56100.0
296238766.0,-823381519.0,56250.0
296238768.0,-823381517.0,56350.0
296238768.0,-823381517.0,56450.0
296238767.0,-823381518.0,56550.0
296238767.0,-823381518.0,56600.0
296238767.0,-823381518.0,56750.0
296238768.0,-823381516.0,56850.0
296238767.0,-823381516.0,56950.0
296238767.0,-823381516.0,57000.0
296238767.0,-823381516.0,57150.0
296238766.0,-823381517.0,57250.0
296238768.0,-823381513.0,57350.0
296238767.0,-823381514.0,57450.0
296238767.0,-823381514.0,57550.0
296238767.0,-823381514.0,57650.0
296238767.0,-823381514.0,57750.0
296238768.0,-823381511.0,57850.0
296238768.0,-823381512.0,57950.0
296238768.0,-823381512.0,58050.0
296238768.0,-823381512.0,58150.0
296238768.0,-823381512.0,58250.0
296238769.0,-823381511.0,58350.0
296238769.0,-823381511.0,58450.0
296238769.0,-823381511.0,58550.0
296238769.0,-823381511.0,58650.0
296238768.0,-823381511.0,58750.0
296238768.0,-823381511.0,58850.0
296238768.0,-823381511.0,58950.0
296238768.0,-823381511.0,59050.0
296238768.0,-823381512.0,59150.0
296238768.0,-823381512.0,59250.0
296238768.0,-823381510.0,59350.0
296238769.0,-823381510.0,59450.0
296238769.0,-823381510.0,59500.0
296238769.0,-823381510.0,59600.0
296238769.0,-823381510.0,59700.0
296238767.0,-823381511.0,59850.0
296238767.0,-823381511.0,59950.0
296238767.0,-823381511.0,150.0
296238767.0,-823381511.0,250.0
296238767.0,-823381511.0,350.0
296238767.0,-823381511.0,450.0
296238767.0,-823381512.0,550.0
296238767.0,-823381512.0,650.0
296238767.0,-823381512.0,750.0
296238767.0,-823381512.0,850.0
296238767.0,-823381513.0,950.0
296238767.0,-823381513.0,1150.0
296238767.0,-823381513.0,1200.0
296238767.0,-823381513.0,1350.0
296238766.0,-823381514.0,1400.0
296238766.0,-823381514.0,1500.0
296238766.0,-823381514.0,1650.0
296238766.0,-823381514.0,1700.0
296238766.0,-823381514.0,1800.0
